   value,BigDecimal(String),toBigDecimal(String)
  number,  number,  number
       0,   0.000,   0.000
       1,   0.000,   0.000
       2,   0.000,   0.000
       3,   0.000,   0.000
       4,   0.000,   0.000
       5,   0.000,   0.000
       6,   0.000,   0.000
       7,   0.000,   0.000
       8,   0.000,   0.000
       9,   0.000,   0.000
      10,   0.000,   0.000
      11,   0.000,   0.000
      12,   0.000,   0.000
      13,   0.000,   0.000
      14,   0.000,   0.000
      15,   0.000,   0.000
      16,   0.000,   0.000
      17,   0.000,   0.000
      18,   0.000,   0.000
      19,   0.140,   0.100
      20,   0.120,   0.100
      21,   0.200,   0.180
      22,   1.080,   0.170
      23,   0.180,   0.180
      24,   0.200,   0.170
      25,   0.200,   0.200
      26,   0.200,   0.190
      27,   0.200,   0.200
      28,   0.200,   0.200
      29,   0.200,   0.200
      30,   0.220,   0.200
      31,   0.200,   0.200
      32,   0.200,   0.200
      33,   0.300,   0.200
      34,   0.280,   0.200
      35,   0.300,   0.280
      36,   0.300,   0.290
      37,   0.300,   0.300
      38,   0.300,   0.300
      39,   0.300,   0.300
      40,   0.300,   0.300
      41,   0.300,   0.300
      42,   0.300,   0.300
      43,   0.300,   0.300
      44,   0.300,   0.300
      45,   0.300,   0.300
      46,   0.300,   0.300
      47,   0.310,   0.300
      48,   0.300,   0.300
      49,   0.300,   0.300
      50,   0.400,   0.400
      51,   0.380,   0.350
      52,   0.400,   0.400
      53,   0.400,   0.390
      54,   0.400,   0.400
      55,   0.400,   0.400
      56,   0.400,   0.400
      57,   0.400,   0.400
      58,   0.400,   0.400
      59,   0.660,   0.500
      60,   0.450,   0.410
      61,   0.490,   0.500
      62,   0.480,   0.480
      63,   0.460,   0.450
      64,   0.500,   0.500
      65,   0.500,   0.500
      66,   0.500,   0.500
      67,   0.500,   0.500
      68,   0.500,   0.500
      69,   0.500,   0.500
      70,   0.500,   0.500
      71,   0.500,   0.500
      72,   0.500,   0.500
      73,   0.500,   0.500
      74,   0.500,   0.520
      75,   0.530,   0.530
      76,   0.580,   0.570
      77,   0.590,   0.580
      78,   0.600,   0.600
      79,   0.600,   0.600
      80,   0.600,   0.600
      81,   0.600,   0.600
      82,   0.600,   0.600
      83,   0.600,   0.600
      84,   0.630,   0.600
      85,   0.610,   0.640
      86,   0.620,   0.670
      87,   0.630,   0.660
      88,   0.700,   0.700
      89,   0.700,   0.700
      90,   0.700,   0.700
      91,   0.700,   0.700
      92,   0.700,   0.700
      93,   0.700,   0.700
      94,   0.700,   0.700
      95,   0.700,   0.700
      96,   0.700,   0.700
      97,   0.700,   0.700
      98,   0.800,   0.800
      99,   0.800,   0.800
     100,   0.800,   0.800
     101,   0.800,   0.800
     102,   0.800,   0.800
     103,   0.800,   0.800
     104,   0.800,   0.800
     105,   0.810,   0.800
     106,   0.800,   0.800
     107,   0.900,   0.900
     108,   0.900,   0.900
     109,   0.900,   0.900
     110,   0.900,   0.900
     111,   0.900,   0.900
     112,   0.900,   0.900
     113,   0.900,   0.900
     114,   0.900,   0.900
     115,   0.900,   1.270
     116,   0.900,   0.900
     117,   1.000,   1.000
     118,   0.930,   0.930
     119,   0.960,   0.990
     120,   1.000,   1.000
     121,   1.000,   1.000
     122,   1.000,   1.000
     123,   1.000,   1.000
     124,   1.000,   1.000
     125,   1.000,   1.000
     126,   1.000,   1.000
     127,   1.100,   1.100
     128,   1.100,   1.100
     129,   1.100,   1.100
     130,   1.100,   1.100
     131,   1.100,   1.100
     132,   1.100,   1.100
     133,   1.100,   1.100
     134,   1.100,   1.100
     135,   1.100,   1.100
     136,   1.100,   1.160
     137,   1.160,   1.150
     138,   1.160,   1.190
     139,   1.200,   1.200
     140,   1.200,   1.200
     141,   1.330,   1.200
     142,   1.200,   1.200
     143,   1.200,   1.200
     144,   1.200,   1.200
     145,   1.200,   1.200
     146,   1.300,   1.300
     147,   1.300,   1.300
     148,   1.300,   1.300
     149,   1.300,   1.300
     150,   1.300,   1.300
     151,   1.300,   1.300
     152,   1.300,   1.300
     153,   1.300,   1.300
     154,   1.300,   1.300
     155,   1.300,   1.380
     156,   1.400,   1.400
     157,   1.400,   1.400
     158,   1.400,   1.400
     159,   1.400,   1.400
     160,   1.400,   1.400
     161,   1.400,   1.400
     162,   1.400,   1.400
     163,   1.400,   1.410
     164,   1.460,   1.470
     165,   1.500,   1.500
     166,   1.500,   1.500
     167,   1.500,   1.500
     168,   1.500,   1.500
     169,   1.500,   1.500
     170,   1.500,   1.500
     171,   1.510,   1.500
     172,   1.500,   1.520
     173,   1.530,   1.600
     174,   1.580,   1.600
     175,   1.600,   1.600
     176,   1.600,   1.720
     177,   1.600,   1.600
     178,   1.610,   1.620
     179,   1.610,   1.600
     180,   1.650,   1.650
     181,   1.700,   1.700
     182,   1.700,   1.710
     183,   1.700,   1.710
     184,   1.700,   1.710
     185,   1.800,   1.800
     186,   1.800,   1.800
     187,   1.800,   1.800
     188,   1.800,   1.800
     189,   1.800,   1.800
     190,   1.800,   1.800
     191,   1.800,   1.800
     192,   1.800,   1.800
     193,   1.800,   1.800
     194,   1.900,   1.900
     195,   2.120,   1.900
     196,   1.900,   1.900
     197,   1.900,   1.900
     198,   1.900,   1.900
     199,   1.900,   1.900
     200,   1.900,   1.970
     201,   1.950,   1.980
     202,   1.970,   1.960
     203,   1.980,   2.000
     204,   2.000,   2.010
     205,   2.000,   2.000
     206,   2.000,   2.000
     207,   2.000,   2.030
     208,   2.000,   2.010
     209,   2.020,   2.050
     210,   2.030,   2.050
     211,   2.040,   2.100
     212,   2.110,   2.070
     213,   2.190,   2.160
     214,   2.130,   2.110
     215,   2.130,   2.160
     216,   2.130,   2.150
     217,   2.150,   2.160
     218,   2.200,   2.200
     219,   2.200,   2.200
     220,   2.200,   2.230
     221,   2.200,   2.250
     222,   2.220,   2.460
     223,   2.320,   2.300
     224,   2.310,   2.250
     225,   2.260,   2.300
     226,   2.280,   2.300
     227,   2.320,   2.310
     228,   2.330,   2.310
     229,   2.320,   2.310
     230,   2.310,   2.330
     231,   2.320,   2.310
     232,   2.340,   2.380
     233,   2.410,   2.400
     234,   2.400,   2.400
     235,   2.400,   2.400
     236,   2.410,   2.410
     237,   2.410,   2.420
     238,   2.520,   2.520
     239,   2.400,   2.410
     240,   2.450,   2.430
     241,   2.450,   2.440
     242,   2.520,   2.520
     243,   2.500,   2.530
     244,   2.500,   2.510
     245,   2.600,   2.600
     246,   2.600,   2.600
     247,   2.600,   2.600
     248,   2.600,   2.600
     249,   2.620,   2.600
     250,   2.630,   2.600
     251,   2.620,   2.610
     252,   2.650,   2.690
     253,   2.600,   2.620
     254,   2.690,   2.730
     255,   2.700,   2.730
     256,   2.700,   2.730
     257,   2.700,   2.730
     258,   2.700,   2.730
     259,   2.700,   2.720
     260,   2.700,   2.720
     261,   2.700,   2.720
     262,   2.800,   2.940
     263,   2.800,   2.830
     264,   2.830,   2.890
     265,   2.840,   2.890
     266,   2.840,   2.930
     267,   2.870,   2.910
     268,   2.910,   2.900
     269,   2.900,   2.900
     270,   2.900,   2.900
     271,   3.000,   3.000
     272,   3.000,   3.010
     273,   3.000,   3.020
     274,   3.000,   3.000
     275,   3.000,   3.040
     276,   3.230,   3.020
     277,   3.000,   3.000
     278,   3.000,   3.000
     279,   3.000,   3.000
     280,   3.010,   3.030
     281,   3.210,   3.200
     282,   3.210,   3.180
     283,   3.370,   3.160
     284,   3.240,   3.200
     285,   3.210,   3.170
     286,   3.230,   3.210
     287,   3.200,   3.200
     288,   3.200,   3.210
     289,   3.220,   3.220
     290,   3.300,   3.330
     291,   3.320,   3.330
     292,   3.300,   3.320
     293,   3.300,   3.450
     294,   3.320,   3.310
     295,   3.300,   3.460
     296,   3.300,   3.320
     297,   3.300,   3.630
     298,   3.300,   3.300
     299,   3.400,   3.410
     300,   3.500,   3.510
     301,   3.490,   3.500
     302,   3.510,   3.510
     303,   3.500,   3.520
     304,   3.500,   3.580
     305,   3.510,   3.510
     306,   3.500,   3.530
     307,   3.500,   3.630
     308,   3.540,   3.510
     309,   3.680,   3.520
     310,   3.670,   3.600
     311,   3.620,   3.600
     312,   3.610,   3.600
     313,   3.600,   3.600
     314,   3.600,   3.620
     315,   3.600,   3.600
     316,   3.600,   3.600
     317,   3.740,   3.700
     318,   3.720,   3.900
     319,   3.810,   3.830
     320,   3.800,   3.810
     321,   3.920,   3.770
     322,   3.780,   3.760
     323,   3.780,   3.770
     324,   3.790,   3.790
     325,   3.810,   3.820
     326,   3.840,   3.840
     327,   3.850,   3.880
     328,   3.860,   4.000
     329,   3.910,   3.940
     330,   3.900,   3.960
     331,   3.900,   4.330
     332,   3.920,   4.090
     333,   3.950,   3.960
     334,   3.920,   3.980
     335,   4.000,   4.020
     336,   4.010,   4.000
     337,   4.010,   4.010
     338,   4.060,   4.000
     339,   4.400,   4.130
     340,   4.100,   4.180
     341,   4.310,   4.100
     342,   4.100,   4.120
     343,   4.100,   4.110
     344,   4.180,   4.220
     345,   4.190,   4.200
     346,   4.210,   4.200
     347,   4.410,   4.220
     348,   4.320,   4.330
     349,   4.570,   4.310
     350,   4.340,   4.340
     351,   4.310,   4.540
     352,   4.340,   4.370
     353,   4.380,   5.120
     354,   4.380,   4.830
     355,   4.400,   4.460
     356,   4.420,   5.000
     357,   4.410,   4.410
     358,   4.530,   4.500
     359,   4.520,   4.520
     360,   4.580,   4.530
     361,   4.550,   4.550
     362,   4.710,   4.570
     363,   4.590,   4.540
     364,   4.760,   4.570
     365,   4.700,   4.620
     366,   4.510,   4.570
     367,   4.650,   4.560
     368,   4.630,   4.680
     369,   4.640,   4.640
     370,   4.680,   4.690
     371,   4.730,   4.730
     372,   4.940,   4.820
     373,   4.700,   4.770
     374,   4.700,   4.820
     375,   4.730,   4.790
     376,   4.700,   4.730
     377,   4.820,   4.860
     378,   4.800,   4.870
     379,   4.820,   4.900
     380,   4.960,   4.950
     381,   5.060,   4.940
     382,   4.990,   4.970
     383,   5.130,   5.150
     384,   4.910,   4.970
     385,   4.930,   4.960
     386,   4.900,   4.990
     387,   5.010,   5.040
     388,   5.000,   5.050
     389,   5.040,   5.070
     390,   5.060,   5.080
     391,   5.000,   5.170
     392,   5.020,   5.120
     393,   5.530,   5.120
     394,   5.080,   5.110
     395,   5.100,   5.100
     396,   5.200,   5.220
     397,   5.220,   5.230
     398,   5.270,   5.290
     399,   5.430,   5.310
     400,   5.800,   5.270
     401,   5.480,   5.300
     402,   5.240,   5.560
     403,   5.250,   5.350
     404,   5.300,   5.310
     405,   5.320,   5.310
     406,   5.350,   5.440
     407,   5.400,   5.650
     408,   5.400,   5.840
     409,   5.400,   5.470
     410,   5.420,   5.440
     411,   5.400,   5.490
     412,   5.400,   5.440
     413,   5.420,   5.470
     414,   5.430,   5.830
     415,   5.440,   6.030
     416,   5.780,   5.830
     417,   5.880,   5.850
     418,   5.870,   5.680
     419,   5.700,   5.750
     420,   5.690,   5.890
     421,   5.730,   5.760
     422,   5.730,   5.750
     423,   5.700,   5.970
     424,   5.700,   5.820
     425,   5.920,   5.940
     426,   5.910,   5.900
     427,   5.860,   5.910
     428,   5.890,   5.920
     429,   5.900,   5.940
     430,   5.900,   6.030
     431,   5.900,   6.120
     432,   5.980,   6.350
     433,   6.060,   6.250
     434,   6.020,   6.090
     435,   6.160,   6.120
     436,   6.050,   6.070
     437,   6.090,   6.060
     438,   6.100,   6.130
     439,   6.080,   6.430
     440,   6.100,   6.160
     441,   6.410,   6.160
     442,   6.100,   6.130
     443,   6.210,   6.200
     444,   6.200,   6.210
     445,   6.340,   6.420
     446,   6.300,   6.490
     447,   6.320,   6.690
     448,   6.340,   6.570
     449,   6.460,   6.340
     450,   6.430,   7.080
     451,   6.450,   6.330
     452,   6.420,   6.440
     453,   6.460,   6.490
     454,   6.560,   6.550
     455,   6.560,   6.760
     456,   6.500,   6.500
     457,   6.500,   6.520
     458,   6.500,   6.500
     459,   6.500,   6.550
     460,   6.520,   6.540
     461,   6.810,   6.620
     462,   6.640,   6.710
     463,   6.740,   6.650
     464,   6.700,   6.720
     465,   6.640,   6.610
     466,   6.650,   6.720
     467,   6.640,   6.750
     468,   6.610,   6.660
     469,   6.700,   6.700
     470,   6.710,   6.700
     471,   6.710,   6.710
     472,   6.750,   6.710
     473,   6.930,   7.020
     474,   7.070,   6.940
     475,   7.050,   7.110
     476,   6.900,   6.960
     477,   6.900,   7.040
     478,   6.900,   6.960
     479,   6.930,   7.020
     480,   6.990,   7.020
     481,   7.020,   7.030
     482,   7.030,   7.020
     483,   7.110,   7.110
     484,   7.100,   7.150
     485,   7.590,   7.120
     486,   7.180,   7.150
     487,   7.470,   7.220
     488,   7.470,   7.320
     489,   7.280,   7.210
     490,   7.260,   7.270
     491,   7.250,   7.270
     492,   7.230,   7.300
     493,   7.370,   7.730
     494,   7.300,   7.330
     495,   7.340,   7.330
     496,   7.400,   7.300
     497,   7.440,   7.480
     498,   7.460,   7.870
     499,   7.440,   7.530
     500,   7.530,   7.550
     501,   7.610,   7.510
     502,   7.710,   7.780
     503,   7.940,   7.780
     504,   7.600,   8.040
     505,   7.810,   7.920
     506,   7.760,   7.750
     507,   7.840,   7.720
     508,   8.490,   7.780
     509,   8.250,   7.760
     510,   8.180,   7.990
     511,   7.800,   7.780
     512,   8.030,   7.940
     513,   8.210,   7.970
     514,   8.130,   8.050
     515,   8.210,   8.040
     516,   7.920,   8.020
     517,   8.100,   8.150
     518,   8.010,   8.040
     519,   7.900,   7.970
     520,   7.940,   8.010
     521,   8.080,   8.070
     522,   8.320,   8.360
     523,   8.990,   8.460
     524,   8.520,   8.260
     525,   8.570,   8.220
     526,   8.190,   8.220
     527,   8.150,   8.580
     528,   8.200,   8.540
     529,   8.390,   8.230
     530,   8.250,   8.230
     531,   8.770,   8.580
     532,   8.300,   8.620
     533,   8.430,   8.920
     534,   8.650,   9.000
     535,   8.400,   8.500
     536,   8.400,   8.410
     537,   8.400,   8.970
     538,   8.400,   8.490
     539,   8.480,   8.680
     540,   8.420,   8.450
     541,   8.560,   8.540
     542,   8.590,   8.630
     543,   8.600,   8.630
     544,   8.600,   8.930
     545,   9.240,   8.690
     546,   8.650,   8.960
     547,   8.650,   8.680
     548,   8.630,   8.660
     549,   8.660,   8.740
     550,   8.650,   8.670
     551,   8.930,   8.880
     552,   9.180,   8.880
     553,   9.290,   9.090
     554,   9.240,   9.310
     555,   8.900,   8.920
     556,   8.990,   9.280
     557,   8.900,   9.190
     558,   9.000,   8.970
     559,   8.940,   9.220
     560,   9.150,   9.140
     561,   9.240,   9.040
     562,   9.040,   9.000
     563,   9.990,   9.100
     564,   9.220,   9.080
     565,   9.070,   9.260
     566,   9.040,   9.280
     567,   9.040,   9.160
     568,   9.040,   9.180
     569,   9.180,   9.220
     570,   9.490,   9.580
     571,   9.430,   9.630
     572,  10.130,   9.460
     573,  10.320,   9.510
     574,   9.500,   9.630
     575,   9.880,   9.830
     576,   9.480,   9.530
     577,   9.490,   9.510
     578,   9.550,   9.630
     579,   9.730,   9.700
     580,   9.720,   9.760
     581,   9.860,   9.700
     582,  10.250,   9.740
     583,  10.440,   9.750
     584,  10.000,   9.810
     585,   9.770,   9.860
     586,   9.700,  10.080
     587,   9.830,  10.060
     588,   9.910,   9.960
     589,   9.930,  10.450
     590,  10.210,   9.900
     591,  10.130,   9.900
     592,  10.440,  10.070
     593,  10.370,  10.050
     594,   9.900,   9.920
     595,   9.970,   9.900
     596,  10.040,  10.100
     597,  10.090,  10.090
     598,  10.410,  10.160
     599,  10.240,  10.240
     600,  10.290,  10.830
     601,  10.490,   9.810
     602,  10.190,  10.530
     603,  10.210,  10.280
     604,  10.170,   9.660
     605,  10.310,  10.250
     606,  10.380,   9.770
     607,  10.410,  10.380
     608,  10.590,  10.190
     609,  10.600,  10.740
     610,  10.690,  10.530
     611,  10.520,  11.110
     612,  10.500,  10.520
     613,  10.500,  10.130
     614,  10.600,  10.300
     615,  10.880,  10.560
     616,  10.680,  10.350
     617,  11.000,  11.030
     618,  11.120,  10.510
     619,  11.040,  11.030
     620,  10.980,  10.840
     621,  10.610,  10.510
     622,  10.640,  11.070
     623,  10.800,  10.840
     624,  11.260,  11.130
     625,  10.800,  10.760
     626,  11.080,  10.800
     627,  11.360,  10.920
     628,  11.680,  11.160
     629,  11.280,  11.180
     630,  10.900,  11.120
     631,  11.390,  10.890
     632,  11.050,  11.260
     633,  11.040,  11.150
     634,  11.110,  11.100
     635,  12.010,  11.230
     636,  11.910,  11.180
     637,  11.580,  11.270
     638,  11.230,  11.570
     639,  11.180,  10.710
     640,  11.670,  10.620
     641,  11.610,  11.270
     642,  11.360,  11.160
     643,  12.060,  11.000
     644,  12.310,  11.190
     645,  11.310,  11.080
     646,  11.320,  10.980
     647,  11.660,  11.360
     648,  11.850,  11.030
     649,  11.670,  11.160
     650,  11.600,  11.390
     651,  11.730,  11.240
     652,  11.600,  11.120
     653,  11.620,  11.400
     654,  11.600,  11.470
     655,  11.630,  11.400
     656,  12.470,  11.290
     657,  12.170,  11.270
     658,  12.010,  11.150
     659,  12.700,  11.820
     660,  11.970,  11.530
     661,  12.040,  11.450
     662,  12.290,  11.700
     663,  12.000,  12.010
     664,  12.660,  11.300
     665,  12.600,  11.860
     666,  12.230,  11.780
     667,  12.190,  11.490
     668,  12.300,  11.380
     669,  12.280,  11.650
     670,  12.300,  11.780
     671,  12.320,  11.740
     672,  13.050,  11.280
     673,  12.480,  11.730
     674,  12.300,  11.450
     675,  12.270,  12.350
     676,  12.400,  11.450
     677,  12.520,  11.600
     678,  12.740,  12.030
     679,  13.000,  11.740
     680,  13.220,  11.510
     681,  12.700,  11.660
     682,  12.620,  11.340
     683,  12.610,  11.560
     684,  12.600,  11.600
     685,  12.800,  11.510
     686,  13.090,  12.390
     687,  13.300,  11.940
     688,  13.130,  11.440
     689,  12.910,  11.650
     690,  12.970,  12.060
     691,  12.900,  12.370
     692,  13.200,  11.790
     693,  13.270,  13.040
     694,  13.480,  12.840
     695,  13.640,  11.880
     696,  13.230,  11.990
     697,  13.060,  11.830
     698,  13.000,  11.940
     699,  13.000,  11.910
     700,  13.730,  12.000
     701,  13.110,  12.820
     702,  13.020,  12.350
     703,  13.050,  11.820
     704,  13.190,  11.720
     705,  13.740,  11.970
     706,  13.640,  12.150
     707,  13.780,  11.970
     708,  13.700,  12.310
     709,  13.680,  12.550
     710,  13.580,  12.050
     711,  13.760,  12.160
     712,  13.690,  11.940
     713,  14.060,  12.080
     714,  13.740,  12.240
     715,  13.560,  12.190
     716,  13.880,  12.110
     717,  13.640,  12.390
     718,  13.550,  12.210
     719,  13.610,  12.450
     720,  13.590,  12.350
     721,  14.120,  12.200
     722,  14.010,  12.340
     723,  14.230,  12.340
     724,  14.160,  12.620
     725,  14.040,  12.870
     726,  14.030,  12.210
     727,  14.150,  12.240
     728,  14.570,  12.290
     729,  14.640,  12.620
     730,  14.100,  12.360
     731,  14.200,  12.410
     732,  14.200,  12.880
     733,  14.210,  12.390
     734,  14.490,  12.440
     735,  14.910,  12.180
     736,  15.350,  12.120
     737,  14.720,  12.650
     738,  14.510,  12.520
     739,  14.400,  13.420
     740,  14.840,  12.350
     741,  15.520,  12.340
     742,  15.170,  12.410
     743,  15.030,  12.520
     744,  14.980,  13.040
     745,  14.700,  12.940
     746,  14.740,  12.710
     747,  15.490,  12.880
     748,  14.720,  13.010
     749,  15.520,  12.550
     750,  14.830,  12.800
     751,  15.180,  13.010
     752,  14.800,  12.500
     753,  15.440,  13.130
     754,  15.970,  12.760
     755,  15.050,  12.590
     756,  14.990,  12.560
     757,  15.000,  12.900
     758,  15.160,  12.800
     759,  15.260,  12.650
     760,  15.700,  13.080
     761,  15.140,  13.210
     762,  15.400,  13.020
     763,  15.470,  12.880
     764,  15.400,  12.760
     765,  15.660,  12.800
     766,  15.870,  13.100
     767,  15.560,  12.250
     768,  15.500,  12.260
     769,  15.530,  13.090
     770,  15.540,  12.840
     771,  15.810,  13.270
     772,  16.290,  13.980
     773,  15.980,  12.970
     774,  15.660,  13.270
     775,  15.640,  13.650
     776,  16.690,  13.420
     777,  16.140,  13.380
     778,  16.340,  13.570
     779,  15.670,  13.460
     780,  15.720,  13.160
     781,  15.920,  13.130
     782,  16.060,  13.780
     783,  16.250,  14.480
     784,  16.740,  13.630
     785,  16.780,  13.820
     786,  16.060,  13.360
     787,  16.330,  13.470
     788,  16.200,  13.980
     789,  16.960,  13.600
     790,  16.640,  13.810
     791,  16.500,  13.610
     792,  16.690,  13.640
     793,  17.070,  13.700
     794,  17.150,  13.910
     795,  17.390,  13.870
     796,  16.770,  14.600
     797,  16.440,  13.760
     798,  16.320,  13.770
     799,  16.420,  13.990
     800,  19.510,  13.770
     801,  17.540,  13.750
     802,  17.060,  14.170
     803,  17.260,  14.940
     804,  16.680,  14.330
     805,  17.300,  14.130
     806,  17.350,  14.250
     807,  17.130,  14.060
     808,  17.010,  13.900
     809,  16.790,  15.300
     810,  16.770,  16.050
     811,  18.280,  14.580
     812,  17.770,  15.270
     813,  17.470,  14.470
     814,  17.640,  14.640
     815,  17.220,  15.500
     816,  17.580,  15.660
     817,  18.630,  15.440
     818,  17.410,  15.260
     819,  17.150,  14.400
     820,  17.440,  14.640
     821,  17.820,  14.600
     822,  18.310,  14.910
     823,  17.790,  14.870
     824,  17.530,  14.500
     825,  17.500,  15.190
     826,  18.170,  14.990
     827,  18.720,  15.040
     828,  18.090,  14.770
     829,  17.630,  15.230
     830,  17.900,  15.070
     831,  17.870,  15.240
     832,  18.660,  15.250
     833,  18.250,  15.050
     834,  18.120,  14.690
     835,  18.060,  15.030
     836,  17.940,  15.660
     837,  18.460,  15.660
     838,  17.950,  15.120
     839,  18.380,  14.920
     840,  18.200,  15.040
     841,  18.430,  14.950
     842,  18.970,  15.560
     843,  18.390,  15.720
     844,  18.390,  15.110
     845,  18.220,  16.050
     846,  18.540,  15.190
     847,  18.930,  15.440
     848,  18.930,  15.140
     849,  18.460,  15.610
     850,  18.390,  15.460
     851,  18.370,  15.370
     852,  18.610,  15.200
     853,  18.890,  14.930
     854,  19.270,  16.650
     855,  18.480,  16.370
     856,  18.620,  15.100
     857,  19.100,  15.190
     858,  18.770,  15.120
     859,  20.250,  15.470
     860,  19.440,  15.700
     861,  19.470,  16.290
     862,  19.650,  15.330
     863,  20.230,  15.200
     864,  19.250,  15.310
     865,  19.040,  15.350
     866,  19.330,  15.480
     867,  19.420,  15.730
     868,  19.630,  15.380
     869,  19.050,  15.590
     870,  19.010,  15.760
     871,  19.250,  15.550
     872,  19.440,  15.540
     873,  19.550,  15.980
     874,  19.640,  15.660
     875,  19.870,  15.560
     876,  20.530,  15.750
     877,  20.260,  15.540
     878,  20.970,  16.020
     879,  19.780,  15.720
     880,  20.750,  15.320
     881,  20.090,  15.600
     882,  20.290,  15.570
     883,  20.290,  15.820
     884,  20.000,  15.780
     885,  20.510,  16.040
     886,  20.660,  15.820
     887,  20.810,  15.670
     888,  21.560,  16.460
     889,  21.070,  15.900
     890,  21.770,  16.840
     891,  21.500,  16.600
     892,  22.350,  16.290
     893,  20.500,  16.730
     894,  20.570,  16.180
     895,  20.900,  15.870
     896,  21.850,  15.360
     897,  21.270,  15.630
     898,  20.840,  16.030
     899,  21.510,  16.180
     900,  20.870,  16.180
     901,  21.640,  16.050
     902,  20.910,  16.450
     903,  20.730,  16.640
     904,  22.500,  16.190
     905,  21.600,  16.590
     906,  20.870,  15.820
     907,  21.440,  16.140
     908,  21.570,  15.960
     909,  22.610,  16.250
     910,  22.920,  16.800
     911,  21.830,  16.470
     912,  21.550,  16.160
     913,  21.390,  16.160
     914,  22.020,  16.000
     915,  21.180,  16.260
     916,  20.810,  16.500
     917,  22.410,  16.610
     918,  22.200,  16.010
     919,  21.680,  16.250
     920,  21.620,  16.460
     921,  21.790,  16.150
     922,  22.250,  16.560
     923,  21.980,  16.210
     924,  21.370,  16.270
     925,  21.540,  16.970
     926,  22.310,  16.980
     927,  22.460,  16.640
     928,  21.580,  16.440
     929,  22.130,  16.570
     930,  22.320,  16.660
     931,  22.010,  16.890
     932,  21.690,  16.970
     933,  21.950,  16.800
     934,  22.230,  16.730
     935,  22.690,  16.920
     936,  21.800,  17.200
     937,  22.220,  17.290
     938,  22.140,  16.960
     939,  23.300,  17.040
     940,  23.060,  17.240
     941,  22.130,  16.720
     942,  22.520,  17.110
     943,  22.930,  17.190
     944,  21.840,  17.420
     945,  22.040,  17.330
     946,  23.240,  17.090
     947,  23.650,  17.450
     948,  22.930,  17.380
     949,  22.410,  17.630
     950,  22.370,  17.060
     951,  23.210,  17.120
     952,  23.330,  16.920
     953,  22.710,  18.040
     954,  22.480,  17.490
     955,  25.340,  17.790
     956,  23.670,  17.650
     957,  23.310,  17.220
     958,  22.860,  17.600
     959,  23.580,  17.790
     960,  23.200,  17.510
     961,  22.950,  17.820
     962,  22.640,  17.390
     963,  23.290,  17.540
     964,  22.620,  18.130
     965,  23.880,  17.780
     966,  23.520,  17.660
     967,  24.050,  17.510
     968,  23.920,  17.730
     969,  23.620,  17.560
     970,  23.400,  17.680
     971,  24.320,  17.400
     972,  24.300,  17.630
     973,  23.580,  17.430
     974,  24.370,  17.740
     975,  24.480,  17.650
     976,  24.750,  17.560
     977,  24.570,  17.670
     978,  24.170,  17.820
     979,  24.360,  18.110
     980,  24.270,  18.560
     981,  24.290,  18.430
     982,  23.930,  17.810
     983,  25.530,  17.630
     984,  25.010,  17.570
     985,  24.250,  18.060
     986,  24.410,  17.840
     987,  24.690,  17.970
     988,  24.320,  17.800
     989,  25.110,  18.080
     990,  24.940,  18.830
     991,  25.370,  18.120
     992,  24.490,  17.710
     993,  24.710,  17.880
     994,  25.070,  18.270
     995,  26.370,  18.740
     996,  24.930,  18.180
     997,  25.330,  18.360
     998,  25.260,  18.130
     999,  25.530,  17.920
    1000,  25.500,  19.160
    1001,  25.590,  18.480
    1002,  25.040,  18.330
    1003,  25.010,  18.440
    1004,  24.930,  18.140
    1005,  24.930,  18.390
    1006,  25.890,  19.150
    1007,  25.240,  18.810
    1008,  26.330,  18.460
    1009,  25.560,  18.280
    1010,  26.150,  18.990
    1011,  25.540,  19.590
    1012,  26.510,  19.250
    1013,  25.920,  18.710
    1014,  26.540,  18.480
    1015,  25.810,  18.820
    1016,  26.450,  19.370
    1017,  26.170,  18.960
    1018,  25.570,  18.940
    1019,  26.270,  19.320
    1020,  26.650,  20.060
    1021,  25.650,  19.590
    1022,  25.680,  18.810
    1023,  27.090,  17.900
    1024,  26.580,  18.180
    1025,  25.810,  18.430
    1026,  26.310,  18.450
    1027,  26.450,  18.530
    1028,  25.970,  18.650
    1029,  25.520,  18.640
    1030,  26.050,  18.990
    1031,  27.730,  19.390
    1032,  26.430,  18.240
    1033,  26.360,  18.720
    1034,  28.050,  19.740
    1035,  26.260,  18.830
    1036,  25.990,  18.270
    1037,  26.720,  18.680
    1038,  28.400,  18.810
    1039,  26.610,  19.370
    1040,  26.370,  18.620
    1041,  26.730,  18.900
    1042,  27.420,  18.760
    1043,  26.590,  18.610
    1044,  27.170,  19.460
    1045,  28.040,  18.750
    1046,  26.900,  19.020
    1047,  27.540,  18.570
    1048,  27.820,  18.620
    1049,  27.040,  19.260
    1050,  26.850,  19.700
    1051,  28.650,  18.670
    1052,  28.320,  18.840
    1053,  27.280,  19.340
    1054,  28.350,  19.470
    1055,  28.270,  18.850
    1056,  27.520,  18.490
    1057,  27.430,  18.940
    1058,  29.760,  20.260
    1059,  27.610,  19.900
    1060,  27.790,  18.610
    1061,  28.880,  18.760
    1062,  28.720,  18.880
    1063,  27.630,  19.770
    1064,  29.170,  19.190
    1065,  28.110,  18.820
    1066,  27.860,  18.700
    1067,  28.450,  19.310
    1068,  27.920,  19.120
    1069,  27.690,  19.960
    1070,  29.240,  19.760
    1071,  29.750,  19.030
    1072,  28.570,  19.760
    1073,  29.200,  19.850
    1074,  29.710,  20.080
    1075,  29.280,  19.300
    1076,  28.790,  20.020
    1077,  29.830,  20.680
    1078,  29.330,  20.120
    1079,  28.820,  19.830
    1080,  28.460,  19.390
    1081,  29.690,  19.530
    1082,  29.690,  19.600
    1083,  29.090,  19.920
    1084,  31.410,  19.750
    1085,  28.790,  20.210
    1086,  28.350,  19.910
    1087,  29.620,  19.590
    1088,  28.910,  19.660
    1089,  28.200,  20.770
    1090,  28.910,  20.040
    1091,  30.530,  20.350
    1092,  28.880,  20.120
    1093,  28.920,  20.080
    1094,  29.940,  20.400
    1095,  29.210,  20.070
    1096,  28.810,  20.140
    1097,  30.200,  20.960
    1098,  29.810,  20.940
    1099,  29.290,  20.290
    1100,  30.470,  20.530
    1101,  30.310,  20.720
    1102,  30.580,  20.390
    1103,  32.230,  20.370
    1104,  30.280,  20.180
    1105,  29.660,  21.820
    1106,  29.940,  20.310
    1107,  31.330,  20.480
    1108,  29.820,  20.400
    1109,  31.680,  20.980
    1110,  30.940,  20.870
    1111,  32.320,  20.380
    1112,  30.430,  20.270
    1113,  30.260,  21.040
    1114,  30.610,  20.570
    1115,  30.630,  20.320
    1116,  30.300,  21.220
    1117,  31.100,  20.780
    1118,  30.010,  20.760
    1119,  30.150,  20.620
    1120,  31.530,  20.620
    1121,  30.260,  21.000
    1122,  30.690,  20.710
    1123,  31.880,  21.290
    1124,  31.010,  20.500
    1125,  30.240,  20.980
    1126,  31.340,  20.490
    1127,  31.440,  20.700
    1128,  30.790,  21.110
    1129,  32.910,  20.580
    1130,  32.410,  21.270
    1131,  30.740,  20.880
    1132,  32.580,  21.750
    1133,  33.230,  20.570
    1134,  30.860,  21.390
    1135,  32.710,  20.870
    1136,  32.050,  20.660
    1137,  31.310,  20.710
    1138,  32.240,  21.120
    1139,  31.290,  21.020
    1140,  31.580,  21.510
    1141,  33.680,  21.810
    1142,  31.480,  20.970
    1143,  31.420,  20.890
    1144,  32.530,  21.780
    1145,  32.010,  22.090
    1146,  32.220,  21.120
    1147,  32.760,  21.650
    1148,  32.490,  21.780
    1149,  32.840,  21.160
    1150,  33.230,  22.210
    1151,  32.060,  20.900
    1152,  32.920,  21.120
    1153,  33.200,  22.140
    1154,  32.510,  22.210
    1155,  32.970,  22.200
    1156,  32.530,  22.520
    1157,  31.860,  21.900
    1158,  33.180,  21.750
    1159,  32.400,  21.460
    1160,  31.720,  21.490
    1161,  33.090,  21.710
    1162,  32.970,  22.480
    1163,  33.090,  22.140
    1164,  32.450,  22.200
    1165,  34.470,  22.320
    1166,  34.030,  22.780
    1167,  34.310,  21.920
    1168,  33.080,  23.510
    1169,  33.480,  21.820
    1170,  34.120,  21.570
    1171,  34.620,  21.750
    1172,  33.940,  21.730
    1173,  33.390,  21.880
    1174,  33.890,  22.260
    1175,  33.230,  21.870
    1176,  34.810,  21.480
    1177,  33.590,  21.670
    1178,  33.100,  22.090
    1179,  34.170,  22.380
    1180,  33.590,  21.430
    1181,  34.480,  22.030
    1182,  34.700,  21.910
    1183,  33.970,  21.610
    1184,  34.900,  21.540
    1185,  34.670,  22.120
    1186,  35.180,  21.670
    1187,  34.100,  22.860
    1188,  33.990,  21.800
    1189,  34.820,  22.370
    1190,  35.220,  21.860
    1191,  33.910,  21.770
    1192,  35.170,  22.540
    1193,  35.300,  22.960
    1194,  34.930,  22.580
    1195,  34.320,  21.720
    1196,  34.840,  22.110
    1197,  35.470,  22.210
    1198,  35.810,  23.000
    1199,  35.920,  22.050
    1200,  35.230,  22.220
    1201,  36.710,  22.210
    1202,  36.630,  23.220
    1203,  35.000,  21.940
    1204,  36.430,  22.240
    1205,  37.600,  22.420
    1206,  34.830,  22.380
    1207,  36.350,  21.850
    1208,  35.710,  22.150
    1209,  35.670,  22.150
    1210,  36.790,  22.830
    1211,  35.020,  22.520
    1212,  36.100,  22.180
    1213,  35.810,  23.480
    1214,  35.350,  22.510
    1215,  36.440,  22.330
    1216,  36.710,  22.480
    1217,  36.730,  22.700
    1218,  39.050,  22.530
    1219,  36.340,  22.530
    1220,  36.210,  22.390
    1221,  35.790,  22.770
    1222,  37.560,  22.470
    1223,  35.810,  22.870
    1224,  36.710,  22.830
    1225,  36.600,  22.810
    1226,  36.750,  22.520
    1227,  36.160,  23.200
    1228,  36.230,  22.300
    1229,  37.150,  22.870
    1230,  37.020,  22.960
    1231,  37.060,  22.850
    1232,  37.820,  22.640
    1233,  36.080,  23.160
    1234,  37.660,  24.590
    1235,  37.410,  24.440
    1236,  36.510,  23.380
    1237,  38.130,  23.350
    1238,  36.960,  24.230
    1239,  37.820,  25.550
    1240,  38.020,  23.440
    1241,  37.380,  23.570
    1242,  37.150,  23.930
    1243,  38.800,  24.410
    1244,  37.570,  23.830
    1245,  37.390,  23.940
    1246,  38.040,  23.640
    1247,  37.770,  23.730
    1248,  37.120,  23.880
    1249,  38.420,  24.330
    1250,  37.090,  25.000
    1251,  38.690,  23.710
    1252,  38.110,  23.790
    1253,  36.990,  24.470
    1254,  38.450,  25.030
    1255,  37.700,  24.210
    1256,  38.180,  24.290
    1257,  38.780,  23.990
    1258,  37.200,  25.200
    1259,  37.680,  24.270
    1260,  38.890,  23.820
    1261,  37.800,  24.150
    1262,  39.020,  25.950
    1263,  38.350,  24.110
    1264,  39.690,  23.920
    1265,  39.270,  24.260
    1266,  39.040,  25.110
    1267,  39.930,  24.200
    1268,  38.970,  24.090
    1269,  38.540,  25.200
    1270,  39.350,  24.590
    1271,  37.620,  24.410
    1272,  38.770,  24.530
    1273,  38.700,  26.800
    1274,  39.190,  24.890
    1275,  40.930,  24.360
    1276,  39.010,  25.920
    1277,  41.560,  26.190
    1278,  40.050,  24.540
    1279,  39.090,  23.270
    1280,  40.980,  24.470
    1281,  38.790,  24.840
    1282,  40.080,  24.020
    1283,  41.350,  24.220
    1284,  41.590,  24.800
    1285,  40.170,  25.510
    1286,  41.330,  24.180
    1287,  40.420,  24.370
    1288,  41.010,  24.760
    1289,  41.170,  25.080
    1290,  41.630,  24.650
    1291,  41.120,  24.710
    1292,  43.550,  26.260
    1293,  42.980,  24.460
    1294,  42.560,  24.570
    1295,  43.480,  25.460
    1296,  42.800,  24.970
    1297,  42.510,  25.130
    1298,  45.200,  24.940
    1299,  41.970,  25.040
    1300,  44.380,  25.980
    1301,  41.800,  24.720
    1302,  41.830,  25.080
    1303,  41.890,  25.140
    1304,  42.730,  25.190
    1305,  42.080,  25.790
    1306,  42.240,  26.100
    1307,  42.260,  25.770
    1308,  43.280,  25.610
    1309,  40.970,  26.250
    1310,  41.400,  26.330
    1311,  41.550,  25.390
    1312,  41.470,  26.210
    1313,  42.300,  27.200
    1314,  40.600,  25.780
    1315,  41.650,  25.940
    1316,  41.380,  25.730
    1317,  41.390,  26.560
    1318,  42.160,  25.870
    1319,  40.160,  26.180
    1320,  42.440,  26.370
    1321,  42.800,  26.240
    1322,  43.770,  25.750
    1323,  43.140,  26.130
    1324,  42.580,  26.220
    1325,  43.040,  28.050
    1326,  43.570,  27.450
    1327,  43.270,  25.770
    1328,  41.390,  25.730
    1329,  43.100,  26.070
    1330,  43.650,  26.520
    1331,  42.360,  27.080
    1332,  43.760,  26.180
    1333,  41.640,  25.770
    1334,  43.190,  27.060
    1335,  43.350,  26.410
    1336,  43.090,  25.930
    1337,  43.920,  27.200
    1338,  42.730,  26.560
    1339,  43.590,  26.170
    1340,  45.450,  27.140
    1341,  43.080,  26.860
    1342,  44.510,  26.400
    1343,  42.680,  25.750
    1344,  45.780,  26.980
    1345,  43.820,  26.550
    1346,  44.510,  26.020
    1347,  44.410,  26.480
    1348,  43.910,  26.730
    1349,  43.890,  26.160
    1350,  43.510,  26.310
    1351,  45.750,  27.630
    1352,  43.940,  26.300
    1353,  46.120,  26.420
    1354,  43.490,  27.320
    1355,  46.070,  27.000
    1356,  44.460,  26.310
    1357,  47.320,  26.870
    1358,  44.680,  27.430
    1359,  45.070,  26.350
    1360,  45.410,  26.320
    1361,  44.650,  28.330
    1362,  47.810,  27.440
    1363,  44.510,  26.150
    1364,  47.110,  26.540
    1365,  45.210,  26.570
    1366,  47.390,  26.190
    1367,  43.980,  25.800
    1368,  45.930,  27.270
    1369,  43.940,  26.340
    1370,  46.240,  25.910
    1371,  43.700,  27.370
    1372,  45.770,  27.340
    1373,  44.930,  26.090
    1374,  45.050,  26.800
    1375,  45.130,  28.010
    1376,  44.980,  27.450
    1377,  45.770,  26.040
    1378,  44.760,  27.920
    1379,  46.040,  28.040
    1380,  46.920,  26.240
    1381,  47.540,  26.520
    1382,  46.260,  27.720
    1383,  46.590,  26.890
    1384,  45.060,  26.190
    1385,  46.780,  28.040
    1386,  45.740,  27.220
    1387,  46.380,  27.480
    1388,  45.370,  27.970
    1389,  46.480,  27.630
    1390,  44.610,  27.470
    1391,  46.410,  27.480
    1392,  45.200,  29.500
    1393,  46.770,  28.000
    1394,  45.310,  27.230
    1395,  46.920,  28.860
    1396,  45.260,  29.470
    1397,  47.010,  29.040
    1398,  45.980,  27.870
    1399,  46.760,  28.730
    1400,  45.410,  27.690
    1401,  46.490,  27.580
    1402,  46.610,  29.830
    1403,  46.070,  28.110
    1404,  46.010,  27.890
    1405,  46.160,  29.540
    1406,  47.080,  27.990
    1407,  46.450,  27.100
    1408,  47.820,  28.190
    1409,  47.370,  30.410
    1410,  48.270,  27.720
    1411,  47.850,  28.180
    1412,  47.680,  28.770
    1413,  45.930,  28.400
    1414,  47.300,  30.010
    1415,  45.630,  30.620
    1416,  47.260,  28.280
    1417,  47.680,  28.160
    1418,  48.590,  30.070
    1419,  46.370,  28.200
    1420,  48.640,  27.860
    1421,  46.030,  29.010
    1422,  48.030,  30.130
    1423,  48.210,  27.810
    1424,  48.150,  28.390
    1425,  46.310,  30.350
    1426,  47.720,  28.150
    1427,  47.780,  28.490
    1428,  49.020,  30.970
    1429,  48.420,  29.690
    1430,  49.760,  28.380
    1431,  47.680,  29.660
    1432,  49.840,  28.290
    1433,  47.300,  28.360
    1434,  50.850,  28.940
    1435,  48.020,  29.520
    1436,  50.110,  28.010
    1437,  49.340,  29.190
    1438,  51.970,  30.430
    1439,  48.700,  27.830
    1440,  51.580,  28.250
    1441,  48.960,  29.700
    1442,  51.640,  28.800
    1443,  49.420,  28.850
    1444,  51.820,  29.490
    1445,  49.190,  30.340
    1446,  50.690,  28.600
    1447,  48.890,  29.620
    1448,  49.800,  29.250
    1449,  49.690,  28.930
    1450,  50.870,  28.200
    1451,  49.810,  30.450
    1452,  51.910,  28.600
    1453,  49.150,  29.030
    1454,  51.860,  29.780
    1455,  49.590,  28.640
    1456,  51.010,  28.850
    1457,  50.180,  29.160
    1458,  50.270,  30.260
    1459,  50.810,  29.050
    1460,  51.330,  29.510
    1461,  52.240,  29.320
    1462,  50.940,  29.200
    1463,  52.190,  29.470
    1464,  52.080,  29.130
    1465,  51.980,  28.980
    1466,  51.460,  29.070
    1467,  51.100,  31.860
    1468,  50.560,  30.800
    1469,  51.420,  29.350
    1470,  50.660,  30.210
    1471,  51.730,  29.750
    1472,  51.180,  28.730
    1473,  50.390,  29.440
    1474,  50.860,  30.360
    1475,  51.110,  29.420
    1476,  52.240,  29.190
    1477,  51.140,  31.520
    1478,  52.100,  29.730
    1479,  51.330,  29.240
    1480,  52.230,  30.450
    1481,  50.680,  30.590
    1482,  52.280,  29.550
    1483,  52.740,  30.500
    1484,  51.320,  30.230
    1485,  53.200,  29.460
    1486,  50.140,  31.380
    1487,  52.690,  30.480
    1488,  51.010,  29.310
    1489,  52.220,  31.070
    1490,  51.920,  31.380
    1491,  53.170,  29.580
    1492,  50.620,  31.590
    1493,  53.230,  33.000
    1494,  52.840,  30.850
    1495,  52.700,  30.970
    1496,  54.230,  31.350
    1497,  51.890,  29.600
    1498,  53.720,  30.780
    1499,  53.390,  32.090
    1500,  53.990,  30.610
    1501,  52.710,  30.100
    1502,  54.320,  31.400
    1503,  53.500,  31.650
    1504,  54.180,  30.070
    1505,  54.610,  30.740
    1506,  53.540,  30.430
    1507,  55.540,  31.570
    1508,  52.920,  30.990
    1509,  55.150,  30.480
    1510,  53.380,  31.090
    1511,  54.100,  30.460
    1512,  54.650,  31.540
    1513,  55.560,  30.690
    1514,  55.450,  30.230
    1515,  53.870,  32.230
    1516,  55.600,  30.160
    1517,  54.160,  30.170
    1518,  54.310,  32.160
    1519,  54.180,  30.480
    1520,  54.740,  29.980
    1521,  54.200,  31.230
    1522,  54.770,  31.000
    1523,  56.070,  31.070
    1524,  55.060,  32.260
    1525,  56.380,  30.500
    1526,  55.680,  30.450
    1527,  55.250,  33.450
    1528,  57.260,  31.100
    1529,  55.750,  32.270
    1530,  55.440,  32.350
    1531,  57.000,  30.950
    1532,  54.790,  32.240
    1533,  57.480,  31.620
    1534,  55.410,  31.790
    1535,  56.990,  30.000
    1536,  56.510,  30.110
    1537,  55.660,  30.940
    1538,  56.550,  30.860
    1539,  56.940,  31.760
    1540,  58.330,  31.050
    1541,  55.040,  31.740
    1542,  57.930,  31.300
    1543,  57.540,  31.550
    1544,  57.040,  31.420
    1545,  56.920,  31.910
    1546,  56.380,  31.750
    1547,  58.800,  31.860
    1548,  56.430,  31.570
    1549,  56.110,  31.930
    1550,  58.450,  32.800
    1551,  57.810,  31.900
    1552,  59.040,  32.050
    1553,  56.030,  32.640
    1554,  56.790,  32.600
    1555,  55.800,  32.910
    1556,  55.820,  32.910
    1557,  55.200,  31.440
    1558,  55.710,  32.190
    1559,  56.780,  32.200
    1560,  56.860,  32.410
    1561,  57.900,  33.480
    1562,  57.830,  32.620
    1563,  58.040,  32.600
    1564,  56.470,  33.340
    1565,  58.390,  31.790
    1566,  57.590,  31.970
    1567,  55.970,  35.030
    1568,  58.040,  31.620
    1569,  56.550,  31.980
    1570,  58.460,  34.370
    1571,  58.680,  31.910
    1572,  57.010,  32.610
    1573,  57.430,  34.130
    1574,  57.410,  31.870
    1575,  59.300,  33.120
    1576,  57.650,  33.140
    1577,  57.770,  32.060
    1578,  59.050,  32.980
    1579,  56.990,  33.590
    1580,  58.750,  32.920
    1581,  59.890,  32.430
    1582,  59.380,  33.640
    1583,  61.130,  32.310
    1584,  58.870,  32.950
    1585,  60.320,  37.070
    1586,  59.880,  33.570
    1587,  60.330,  33.320
    1588,  61.340,  34.470
    1589,  61.490,  32.200
    1590,  60.460,  33.930
    1591,  62.010,  32.640
    1592,  59.200,  32.590
    1593,  61.510,  33.460
    1594,  60.410,  34.140
    1595,  60.430,  33.260
    1596,  62.480,  32.530
    1597,  60.410,  33.710
    1598,  60.220,  33.770
    1599,  61.570,  33.500
    1600,  59.860,  35.160
    1601,  61.510,  32.540
    1602,  60.350,  33.860
    1603,  59.410,  33.990
    1604,  62.270,  33.200
    1605,  60.730,  32.870
    1606,  60.430,  33.850
    1607,  61.430,  32.900
    1608,  59.960,  32.600
    1609,  61.920,  33.520
    1610,  61.160,  32.960
    1611,  60.520,  33.040
    1612,  60.910,  32.650
    1613,  62.300,  32.780
    1614,  60.940,  32.800
    1615,  61.810,  34.690
    1616,  62.630,  33.310
    1617,  62.230,  33.430
    1618,  61.210,  34.090
    1619,  62.420,  33.500
    1620,  61.680,  33.830
    1621,  60.720,  34.330
    1622,  63.060,  34.300
    1623,  61.060,  33.840
    1624,  61.460,  34.800
    1625,  61.190,  35.180
    1626,  61.270,  34.830
    1627,  61.370,  34.410
    1628,  61.680,  34.780
    1629,  63.240,  34.520
    1630,  63.550,  34.580
    1631,  63.030,  35.320
    1632,  64.600,  34.080
    1633,  63.790,  35.180
    1634,  63.390,  34.600
    1635,  63.000,  34.170
    1636,  64.470,  34.280
    1637,  63.440,  33.290
    1638,  62.890,  34.140
    1639,  62.150,  35.230
    1640,  63.070,  33.420
    1641,  62.490,  33.800
    1642,  64.590,  35.020
    1643,  62.940,  33.620
    1644,  61.930,  33.970
    1645,  62.450,  35.510
    1646,  63.060,  34.380
    1647,  63.990,  34.360
    1648,  62.800,  34.750
    1649,  63.770,  35.050
    1650,  64.900,  34.680
    1651,  62.890,  34.540
    1652,  64.720,  34.860
    1653,  65.180,  34.130
    1654,  63.320,  34.520
    1655,  64.060,  34.290
    1656,  63.900,  33.780
    1657,  62.180,  34.820
    1658,  66.320,  35.230
    1659,  66.370,  35.700
    1660,  64.800,  35.690
    1661,  65.110,  34.680
    1662,  63.760,  34.780
    1663,  66.620,  34.190
    1664,  65.690,  33.540
    1665,  64.910,  35.030
    1666,  64.370,  35.040
    1667,  65.390,  34.150
    1668,  66.360,  35.810
    1669,  65.380,  33.670
    1670,  66.250,  34.560
    1671,  64.370,  35.020
    1672,  66.550,  34.340
    1673,  66.820,  34.780
    1674,  66.780,  34.710
    1675,  65.950,  34.120
    1676,  66.660,  34.510
    1677,  64.830,  35.110
    1678,  66.010,  34.900
    1679,  66.840,  36.420
    1680,  65.670,  34.170
    1681,  66.530,  35.090
    1682,  66.450,  35.420
    1683,  65.800,  33.790
    1684,  65.750,  36.850
    1685,  66.690,  35.530
    1686,  66.410,  34.380
    1687,  66.060,  36.750
    1688,  67.900,  35.570
    1689,  67.690,  35.810
    1690,  66.380,  36.120
    1691,  67.390,  35.900
    1692,  67.160,  35.730
    1693,  66.830,  35.680
    1694,  67.450,  35.720
    1695,  68.250,  36.530
    1696,  67.150,  35.910
    1697,  67.440,  36.220
    1698,  67.170,  37.230
    1699,  66.130,  36.190
    1700,  66.550,  36.470
    1701,  65.540,  37.180
    1702,  66.640,  36.920
    1703,  66.800,  36.710
    1704,  67.560,  37.150
    1705,  66.410,  35.890
    1706,  66.830,  36.550
    1707,  68.210,  36.680
    1708,  67.060,  36.880
    1709,  67.050,  36.200
    1710,  66.080,  37.190
    1711,  68.780,  36.050
    1712,  67.890,  36.270
    1713,  68.030,  36.440
    1714,  68.740,  36.980
    1715,  67.740,  37.140
    1716,  67.880,  37.160
    1717,  68.670,  37.380
    1718,  68.570,  36.590
    1719,  68.450,  37.170
    1720,  67.670,  36.450
    1721,  68.830,  37.300
    1722,  69.230,  36.560
    1723,  68.310,  37.600
    1724,  68.010,  39.110
    1725,  67.400,  37.090
    1726,  68.890,  36.760
    1727,  69.060,  36.880
    1728,  68.090,  36.250
    1729,  69.190,  38.400
    1730,  69.000,  36.200
    1731,  68.070,  37.450
    1732,  67.730,  36.710
    1733,  70.150,  37.270
    1734,  68.630,  37.460
    1735,  69.500,  37.010
    1736,  71.140,  37.620
    1737,  70.520,  37.460
    1738,  69.790,  37.340
    1739,  70.520,  37.860
    1740,  71.490,  38.800
    1741,  70.260,  36.170
    1742,  71.240,  39.530
    1743,  69.800,  38.350
    1744,  71.030,  37.510
    1745,  70.690,  38.340
    1746,  72.700,  37.660
    1747,  71.270,  37.790
    1748,  72.590,  36.920
    1749,  70.020,  36.570
    1750,  71.230,  38.530
    1751,  72.080,  36.770
    1752,  70.910,  38.180
    1753,  72.010,  38.440
    1754,  71.430,  37.150
    1755,  71.660,  38.220
    1756,  72.400,  36.470
    1757,  72.550,  37.110
    1758,  73.370,  38.780
    1759,  73.700,  38.000
    1760,  72.540,  37.950
    1761,  73.670,  37.060
    1762,  72.530,  36.820
    1763,  74.050,  37.860
    1764,  72.350,  37.560
    1765,  72.890,  38.770
    1766,  73.140,  36.790
    1767,  73.200,  37.370
    1768,  72.880,  38.360
    1769,  72.920,  37.730
    1770,  72.860,  38.800
    1771,  73.940,  37.300
    1772,  72.460,  40.180
    1773,  73.990,  39.400
    1774,  72.350,  38.220
    1775,  73.190,  38.880
    1776,  73.500,  37.830
    1777,  72.630,  38.770
    1778,  73.400,  37.860
    1779,  74.370,  39.750
    1780,  73.180,  38.820
    1781,  73.050,  37.790
    1782,  75.170,  39.630
    1783,  73.950,  37.690
    1784,  74.010,  39.060
    1785,  73.970,  37.960
    1786,  74.620,  37.750
    1787,  74.220,  38.170
    1788,  73.270,  38.290
    1789,  74.290,  39.950
    1790,  72.810,  37.810
    1791,  73.190,  38.100
    1792,  73.620,  38.480
    1793,  73.900,  38.950
    1794,  74.750,  39.190
    1795,  73.210,  39.500
    1796,  74.560,  38.810
    1797,  73.420,  39.210
    1798,  74.520,  38.400
    1799,  74.440,  39.310
    1800,  74.160,  38.310
    1801,  74.350,  40.030
    1802,  73.670,  38.580
    1803,  77.150,  38.040
    1804,  76.590,  38.350
    1805,  75.290,  38.020
    1806,  75.220,  38.460
    1807,  75.300,  38.740
    1808,  76.910,  38.720
    1809,  76.240,  40.390
    1810,  75.100,  39.010
    1811,  76.580,  39.690
    1812,  76.990,  39.260
    1813,  76.170,  38.600
    1814,  76.660,  39.090
    1815,  76.890,  38.590
    1816,  77.220,  39.630
    1817,  77.520,  38.800
    1818,  76.510,  39.520
    1819,  77.910,  39.700
    1820,  78.680,  39.620
    1821,  77.720,  39.430
    1822,  76.010,  38.560
    1823,  77.340,  39.990
    1824,  77.750,  38.170
    1825,  77.960,  39.690
    1826,  77.750,  39.040
    1827,  75.520,  40.170
    1828,  77.290,  39.680
    1829,  78.550,  39.710
    1830,  78.440,  40.270
    1831,  77.850,  39.350
    1832,  77.380,  39.770
    1833,  77.490,  40.010
    1834,  78.830,  41.130
    1835,  77.520,  39.190
    1836,  77.480,  39.000
    1837,  76.930,  39.400
    1838,  78.110,  40.530
    1839,  79.070,  38.610
    1840,  78.070,  38.340
    1841,  78.180,  39.340
    1842,  78.330,  39.510
    1843,  79.360,  39.050
    1844,  79.060,  39.650
    1845,  79.170,  40.070
    1846,  78.290,  39.870
    1847,  79.330,  41.560
    1848,  80.320,  40.950
    1849,  80.230,  39.890
    1850,  80.230,  40.660
    1851,  78.580,  40.660
    1852,  78.100,  40.860
    1853,  78.530,  40.490
    1854,  78.950,  41.960
    1855,  79.230,  41.390
    1856,  78.350,  40.380
    1857,  78.830,  41.020
    1858,  79.370,  41.350
    1859,  79.370,  41.340
    1860,  78.070,  41.780
    1861,  82.000,  40.420
    1862,  79.330,  41.850
    1863,  79.550,  41.660
    1864,  79.580,  42.630
    1865,  80.410,  41.590
    1866,  80.720,  42.580
    1867,  79.710,  41.060
    1868,  79.090,  41.860
    1869,  79.730,  41.250
    1870,  79.370,  41.310
    1871,  79.680,  41.570
    1872,  80.460,  41.010
    1873,  79.140,  41.610
    1874,  80.520,  42.560
    1875,  80.330,  40.640
    1876,  79.840,  42.040
    1877,  79.940,  40.930
    1878,  80.110,  42.150
    1879,  80.680,  41.680
    1880,  82.450,  42.300
    1881,  83.550,  41.420
    1882,  82.670,  41.780
    1883,  83.250,  42.650
    1884,  83.100,  41.840
    1885,  83.460,  41.940
    1886,  83.010,  41.460
    1887,  85.470,  42.800
    1888,  83.950,  41.810
    1889,  81.900,  41.280
    1890,  82.330,  42.110
    1891,  83.360,  42.060
    1892,  81.990,  42.670
    1893,  82.670,  41.080
    1894,  83.600,  41.680
    1895,  83.160,  41.390
    1896,  82.540,  41.240
    1897,  83.500,  41.820
    1898,  82.300,  41.300
    1899,  83.140,  43.220
    1900,  84.040,  41.460
    1901,  84.640,  42.440
    1902,  83.800,  42.020
    1903,  83.340,  42.370
    1904,  85.040,  41.230
    1905,  84.400,  43.240
    1906,  87.280,  42.090
    1907,  84.490,  43.870
    1908,  84.920,  43.080
    1909,  84.670,  42.580
    1910,  83.660,  43.680
    1911,  84.260,  41.510
    1912,  84.100,  44.150
    1913,  84.170,  41.740
    1914,  84.030,  44.280
    1915,  83.490,  41.380
    1916,  85.610,  44.050
    1917,  84.770,  42.120
    1918,  85.420,  43.280
    1919,  85.870,  42.130
    1920,  86.740,  41.430
    1921,  85.700,  43.950
    1922,  85.900,  41.640
    1923,  85.720,  44.800
    1924,  86.860,  41.520
    1925,  85.850,  44.890
    1926,  85.910,  42.990
    1927,  85.710,  43.770
    1928,  84.390,  43.170
    1929,  84.910,  42.840
    1930,  85.760,  42.690
    1931,  84.340,  42.760
    1932,  84.470,  44.060
    1933,  84.740,  42.140
    1934,  84.600,  44.680
    1935,  84.960,  42.390
    1936,  84.680,  43.030
    1937,  85.170,  43.560
    1938,  85.600,  43.130
    1939,  85.770,  44.320
    1940,  86.000,  42.550
    1941,  87.720,  42.960
    1942,  85.680,  43.160
    1943,  85.660,  43.020
    1944,  85.670,  42.220
    1945,  86.480,  44.230
    1946,  86.200,  44.130
    1947,  85.860,  44.600
    1948,  85.640,  42.790
    1949,  85.500,  43.260
    1950,  86.050,  43.370
    1951,  85.670,  43.200
    1952,  85.840,  42.910
    1953,  85.550,  43.080
    1954,  87.530,  44.580
    1955,  86.620,  44.010
    1956,  87.090,  43.870
    1957,  88.750,  44.240
    1958,  89.290,  43.940
    1959,  89.610,  44.720
    1960,  90.830,  43.040
    1961,  89.670,  45.020
    1962,  88.710,  44.700
    1963,  88.790,  44.270
    1964,  89.640,  43.560
    1965,  89.200,  44.420
    1966,  89.370,  43.820
    1967,  89.480,  44.650
    1968,  88.690,  44.810
    1969,  89.410,  45.230
    1970,  88.230,  44.920
    1971,  89.250,  44.620
    1972,  88.110,  44.540
    1973,  89.130,  43.720
    1974,  89.500,  44.170
    1975,  89.170,  45.060
    1976,  90.520,  43.920
    1977,  89.710,  44.120
    1978,  91.120,  45.780
    1979,  89.540,  44.260
    1980,  88.130,  46.890
    1981,  90.020,  44.960
    1982,  90.500,  45.310
    1983,  90.830,  43.720
    1984,  90.210,  45.380
    1985,  89.330,  45.950
    1986,  89.970,  44.680
    1987,  89.120,  44.020
    1988,  90.550,  44.450
    1989,  90.830,  44.040
    1990,  89.450,  46.950
    1991,  89.630,  45.310
    1992,  91.000,  46.340
    1993,  91.280,  44.900
    1994,  94.000,  44.630
    1995,  92.350,  44.900
    1996,  92.230,  43.460
    1997,  92.250,  44.960
    1998,  92.230,  43.530
    1999,  92.380,  45.750
