       x,     exp,    sqrt,   root2,   root3,     sin,     cos,     tan
  number,  number,  number,  number,  number,  number,  number,  number
   0.000,   0.000,   0.000,   0.000,   0.000,   2.000, 134.800,   0.000
   0.010, 658.000,   1.000, 360.900, 417.000, 312.300, 400.900, 742.400
   0.020, 651.700,  28.700, 413.100, 368.700, 326.600, 423.500, 771.300
   0.030,1075.800,  29.700, 317.000, 539.400, 535.200, 644.700,1212.200
   0.040, 655.100,   1.000, 440.700, 439.000, 351.300, 446.800, 812.600
   0.050, 695.200,  29.600, 349.800, 328.900, 356.200, 448.900, 829.800
   0.060,1062.300,  28.200, 375.400, 298.500, 564.900, 667.300,1278.200
   0.070, 695.400,  28.000, 380.500, 351.600, 359.700, 464.400, 863.000
   0.080, 647.500,  28.000, 411.900, 336.000, 389.400, 463.200, 882.100
   0.090,1114.300,   1.000, 531.300, 412.200, 569.500, 669.800,1321.200
   0.100, 678.500,  30.000, 429.300, 377.200, 366.100, 487.200, 900.100
   0.110, 716.200,  28.100, 415.200, 249.700, 390.500, 473.700, 903.600
   0.120,1065.400,  28.300, 327.400, 331.600, 578.400, 685.500,1331.900
   0.130, 730.000,  28.200, 336.100, 339.300, 367.800, 495.900, 931.000
   0.140, 706.400,  28.400, 328.500, 283.300, 394.600, 498.200, 928.000
   0.150,1131.100,  28.000, 340.700, 239.900, 597.100, 679.300,1357.300
   0.160, 651.400,   1.000, 458.600, 355.600, 390.600, 498.800, 942.400
   0.170, 732.800,  29.100, 339.200, 252.800, 415.000, 508.300, 932.000
   0.180,1114.800,  27.800, 350.200, 272.600, 609.900, 702.800,1377.800
   0.190, 744.400,  28.100, 353.400, 306.300, 408.000, 479.400, 953.200
   0.200, 708.200,  27.900, 354.000, 374.700, 390.100, 510.900, 956.700
   0.210,1510.600,  28.000, 367.500, 297.400, 814.200, 903.800,1802.500
   0.220, 725.500,  28.200, 377.500, 353.200, 395.300, 513.600, 971.200
   0.230, 740.000,  29.300, 368.300, 250.100, 407.300, 510.800, 972.700
   0.240,1078.100,  28.100, 387.700, 371.100, 614.700, 725.500,1374.500
   0.250, 763.400,   1.000, 483.600, 298.100, 413.900, 523.500, 983.900
   0.260, 731.900,  28.500, 383.800, 293.000, 416.900, 505.100, 971.100
   0.270,1132.600,  28.000, 377.900, 264.900, 623.500, 708.800,1405.100
   0.280, 706.500,  28.100, 388.600, 246.800, 407.400, 501.400, 987.400
   0.290, 765.400,  28.100, 394.700, 326.000, 410.600, 524.300, 987.300
   0.300,1145.100,  28.700, 389.700, 217.500, 631.900, 721.700,1411.600
   0.310, 758.300,  28.000, 391.100, 282.300, 429.100, 519.200, 983.300
   0.320, 693.700,  28.000, 392.300, 339.500, 421.300, 509.900,1001.700
   0.330,1143.000,  28.700, 397.000, 244.500, 631.800, 726.200,1406.400
   0.340, 753.100,  28.400, 406.700, 216.300, 423.500, 538.800,1020.300
   0.350, 764.000,  28.000, 419.800, 322.800, 411.000, 539.900,1006.300
   0.360,1134.200,   1.000, 526.900, 284.700, 635.800, 743.100,1434.700
   0.370, 769.400,  28.200, 412.600, 259.500, 430.400, 517.500,1000.600
   0.380, 767.000,  28.200, 410.400, 205.000, 429.800, 512.800,1008.600
   0.390,1159.300,  28.000, 398.400, 249.600, 626.200, 750.300,1417.300
   0.400, 690.500,  28.000, 417.100, 247.500, 420.200, 529.500,1014.700
   0.410, 770.600,  28.000, 413.000, 199.600, 425.500, 531.000,1016.900
   0.420,1533.500,  28.000, 411.500, 264.100, 850.500, 950.800,1834.500
   0.430, 779.200,  28.300, 318.900, 238.000, 441.500, 524.700,1003.800
   0.440, 735.500,  27.700, 310.500, 239.000, 430.700, 529.900,1014.500
   0.450,1164.300,  28.300, 308.700, 242.900, 637.800, 736.200,1440.900
   0.460, 769.200,  28.000, 310.200, 248.500, 434.900, 538.900,1040.200
   0.470, 780.000,  28.000, 316.900, 253.100, 430.500, 547.100,1022.700
   0.480,1092.200,  28.000, 313.400, 273.700, 643.400, 756.500,1453.300
   0.490, 782.800,   1.000, 417.600, 254.200, 447.700, 536.400,1018.600
   0.500, 770.900,  28.100, 323.400, 281.400, 445.800, 545.900,1035.900
   0.510,1167.700,  28.000, 327.100, 241.700, 648.500, 743.100,1447.900
   0.520, 740.400,  28.000, 326.900, 236.200, 445.800, 544.300,1065.800
   0.530, 877.200,  31.300, 349.700, 295.500, 486.500, 555.300,1094.100
   0.540,1205.000,  30.500, 330.000, 246.300, 670.600, 754.600,1476.100
   0.550, 799.600,  28.900, 323.300, 256.900, 433.700, 569.400,1048.300
   0.560, 712.200,  28.600, 332.900, 210.000, 443.000, 566.500,1041.800
   0.570,1188.600,  28.700, 354.400, 253.800, 670.900, 758.400,1481.200
   0.580, 787.300,  32.500, 331.600, 221.200, 452.500, 550.500,1085.500
   0.590, 803.900,  28.700, 340.400, 219.300, 438.800, 551.300,1054.500
   0.600,1173.400,  29.100, 329.900, 221.500, 661.700, 764.400,1473.900
   0.610, 794.600,  29.300, 332.700, 289.600, 439.300, 551.200,1061.100
   0.620, 787.400,  28.500, 348.100, 290.800, 451.200, 535.800,1074.700
   0.630,1594.000,  28.400, 334.500, 338.700, 850.600,1002.000,1905.200
   0.640, 712.900,   1.000, 456.100, 298.800, 449.200, 566.000,1075.900
   0.650, 792.300,  28.100, 343.700, 389.100, 452.900, 595.200,1077.100
   0.660,1166.800,  28.800, 356.600, 354.600, 649.000, 760.900,1474.900
   0.670, 807.000,  28.200, 336.100, 162.900, 460.200, 576.500,1048.800
   0.680, 760.200,  28.000, 345.300, 185.400, 465.200, 563.400,1059.500
   0.690,1192.200,  28.000, 339.100, 162.700, 669.600, 772.100,1480.900
   0.700, 793.600,  27.800, 355.500, 348.100, 452.800, 550.700,1064.800
   0.710, 807.800,  28.400, 344.100, 167.200, 460.100, 557.400,1102.600
   0.720,1168.800,  28.000, 349.600, 220.700, 681.700, 786.400,1522.800
   0.730, 803.300,  28.500, 356.400, 224.800, 469.400, 586.300,1099.000
   0.740, 803.300,  28.800, 359.700, 168.400, 467.800, 569.200,1082.900
   0.750,1191.900,  28.300, 354.500, 222.500, 700.900, 789.300,1527.400
   0.760, 783.000,  27.600, 356.500, 255.000, 476.100, 576.500,1106.100
   0.770, 798.900,  28.800, 373.400, 332.900, 489.000, 554.300,1097.800
   0.780,1189.400,  28.200, 352.800, 206.400, 683.300, 788.200,1517.900
   0.790, 812.800,  28.500, 367.700, 212.000, 479.400, 591.200,1123.100
   0.800, 733.700,  28.900, 356.900, 365.100, 476.600, 587.300,1118.700
   0.810,1215.900,   1.000, 469.800, 200.700, 695.800, 775.800,1573.700
   0.820, 805.900,  28.900, 373.300, 313.900, 492.300, 590.400,1135.600
   0.830, 820.900,  28.300, 364.400, 238.900, 488.600, 599.000,1131.800
   0.840,1546.300,  28.300, 371.700, 314.000, 900.800,1033.700,2015.100
   0.850, 807.600,  28.800, 361.000, 193.100, 479.400, 617.600,1168.400
   0.860, 808.500,  28.400, 371.400, 240.500, 499.400, 630.500,1160.700
   0.870,1244.400,  31.000, 369.200, 186.000, 704.200, 811.800,1573.600
   0.880, 745.700,  28.100, 372.000, 206.500, 523.600, 601.000,1142.200
   0.890, 817.300,  28.500, 367.100, 306.500, 511.100, 600.100,1169.500
   0.900,1197.300,  28.200, 368.700, 194.300, 718.300, 805.400,1599.100
   0.910, 811.800,  28.100, 366.500, 183.700, 506.300, 611.500,1156.700
   0.920, 774.600,  28.400, 371.300, 198.100, 499.100, 611.500,1187.100
   0.930,1206.700,  28.400, 382.400, 275.400, 716.200, 810.600,1581.300
   0.940, 801.700,  28.600, 380.900, 279.200, 504.100, 642.200,1190.100
   0.950, 811.300,  28.100, 370.800, 299.600, 494.500, 628.700,1172.900
   0.960,1111.000,  28.600, 380.700, 178.800, 696.000, 825.800,1598.400
   0.970, 819.400,  28.000, 377.000, 214.900, 519.900, 623.800,1200.400
   0.980, 800.400,  28.200, 369.700, 163.800, 532.900, 613.100,1199.900
   0.990,1207.500,  28.300, 384.100, 152.800, 738.200, 820.700,1604.400
   1.000, 833.200,   0.900, 485.300, 180.500, 529.200, 630.600,1229.700
   1.010, 981.200,  28.500, 389.200, 168.300, 532.800, 652.400,1188.100
   1.020,1400.700,  28.400, 372.000, 203.100, 740.300, 832.700,1634.100
   1.030,1001.400,  28.700, 390.300, 226.300, 531.600, 639.700,1211.700
   1.040, 932.800,  28.000, 384.800, 241.100, 525.800, 635.500,1231.600
   1.050,1792.700,  28.000, 391.500, 199.100, 930.000,1035.400,2062.900
   1.060, 976.100,  28.500, 379.300, 165.200, 544.300, 653.600,1237.400
   1.070, 985.100,  28.100, 394.900, 204.100, 534.700, 657.000,1236.500
   1.080,1390.100,  29.600, 382.000, 145.000, 742.100, 853.200,1669.300
   1.090,1000.800,  28.500, 402.700, 213.800, 547.800, 644.800,1280.600
   1.100, 990.500,  27.700, 386.700, 223.600, 566.200, 655.300,1259.700
   1.110,1422.200,  28.500, 396.700, 202.800, 746.500, 860.500,1666.600
   1.120, 908.900,  28.600, 397.000, 149.400, 559.500, 656.900,1253.800
   1.130,1000.500,  28.200, 384.600, 206.400, 549.900, 675.000,1264.300
   1.140,1420.100,  28.600, 386.300, 180.800, 762.500, 865.300,1699.400
   1.150, 992.400,  28.200, 394.900, 198.200, 550.800, 645.800,1285.600
   1.160, 964.600,  28.100, 393.600, 215.400, 570.700, 652.300,1289.400
   1.170,1398.500,  28.000, 414.200, 177.500, 756.000, 852.400,1704.600
   1.180, 985.400,  28.500, 408.900, 168.800, 541.100, 667.900,1289.700
   1.190, 996.200,  28.100, 417.000, 293.900, 544.800, 657.400,1273.700
   1.200,1353.500,  28.000, 387.500, 249.000, 754.200, 890.500,1721.000
   1.210, 993.900,   1.000, 502.400, 219.600, 554.400, 669.100,1275.200
   1.220, 997.800,  28.000, 391.400, 203.700, 550.700, 690.000,1296.300
   1.230,1413.200,  28.200, 398.300, 188.800, 791.700, 875.700,1688.500
   1.240, 974.800,  28.400, 410.300, 186.700, 577.400, 680.800,1289.900
   1.250,1003.600,  28.600, 409.900, 166.100, 578.100, 673.600,1289.700
   1.260,1819.800,  28.800, 408.800, 173.000, 978.600,1079.600,2123.000
   1.270, 999.700,  28.000, 400.900, 182.800, 570.300, 670.900,1310.600
   1.280, 921.900,  27.600, 410.800, 186.700, 581.400, 669.800,1300.600
   1.290,1421.900,  28.500, 395.000, 169.100, 764.700, 877.000,1728.400
   1.300, 977.300,  28.100, 404.200, 191.700, 573.700, 680.500,1321.900
   1.310, 995.800,  28.000, 410.300, 158.700, 565.800, 655.600,1333.700
   1.320,1385.100,  28.200, 399.500, 218.400, 782.500, 886.300,1759.900
   1.330, 998.400,  28.000, 402.900, 144.500, 590.500, 668.000,1340.300
   1.340, 999.500,  27.900, 396.100, 124.800, 579.400, 697.100,1337.500
   1.350,1418.700,  28.500, 419.100, 129.100, 794.000, 894.000,1760.300
   1.360, 963.900,  28.500, 404.800, 253.000, 586.000, 688.100,1317.300
   1.370, 992.300,  28.000, 393.100, 135.000, 600.100, 695.600,1312.100
   1.380,1397.300,  28.000, 400.600, 169.800, 803.900, 904.800,1762.000
   1.390, 993.900,  28.100, 398.400, 182.400, 580.900, 689.200,1323.900
   1.400, 947.200,  28.000, 298.600, 208.800, 588.700, 697.200,1327.200
   1.410,1413.800,  28.100, 299.800, 253.200, 817.700, 901.600,1766.700
   1.420,1010.700,  28.200, 294.400, 175.300, 599.300, 705.600,1349.500
   1.430,1007.700,  28.000, 292.200, 265.500, 601.700, 702.200,1345.900
   1.440,1330.500,   1.000, 398.100, 154.500, 813.300, 902.800,1780.100
   1.450,1003.300,  28.400, 294.000, 195.100, 611.200, 702.400,1381.200
   1.460, 989.300,  28.000, 311.100, 193.500, 599.800, 704.200,1385.500
   1.470,1819.300,  28.000, 300.400, 157.200,1001.300,1110.100,2228.400
   1.480, 973.500,  28.000, 303.100, 171.800, 626.900, 693.100,1381.500
   1.490,1005.600,  28.000, 306.400, 133.700, 598.700, 716.900,1373.500
   1.500,1395.400,  28.000, 299.200, 144.200, 805.300, 909.700,1807.800
   1.510,1008.300,  28.300, 306.700, 201.600, 603.300, 715.500,1393.000
   1.520, 946.000,  28.200, 312.100, 173.600, 621.600, 728.100,1384.600
   1.530,1429.700,  28.000, 304.600, 147.200, 833.000, 916.300,1825.600
   1.540, 998.700,  28.500, 318.400, 268.300, 638.400, 735.500,1388.600
   1.550,1020.700,  28.300, 312.400, 141.200, 621.900, 716.200,1401.000
   1.560,1410.300,  28.100, 321.200, 352.000, 840.300, 938.200,1800.000
   1.570,1019.700,  28.000, 312.400, 131.200, 620.400, 717.500,1408.000
   1.580,1007.700,  28.000, 317.900, 141.700, 630.700, 721.800,1419.700
   1.590,1436.300,  28.300, 321.400, 179.700, 836.700, 944.300,1830.000
   1.600, 892.100,  28.900, 306.100, 196.100, 641.200, 715.900,1442.000
   1.610,1015.800,  28.000, 310.600, 177.000, 623.700, 720.400,1427.200
   1.620,1423.900,  28.200, 319.800, 161.800, 843.100, 926.100,1838.400
   1.630,1015.700,  28.700, 313.800, 223.300, 626.200, 716.600,1420.400
   1.640, 971.900,  28.200, 320.700, 227.200, 623.400, 717.500,1446.500
   1.650,1430.700,  28.200, 306.100, 143.000, 841.900, 946.400,1854.300
   1.660,1002.600,  28.000, 314.300, 159.800, 630.800, 742.900,1441.600
   1.670,1019.800,  28.800, 317.400, 130.100, 627.000, 742.700,1427.100
   1.680,1796.500,  28.100, 313.900, 186.700,1034.100,1148.100,2283.300
   1.690,1016.400,   1.000, 422.000, 204.200, 648.500, 737.600,1427.100
   1.700, 996.800,  28.000, 324.700, 240.200, 644.300, 734.800,1424.200
   1.710,1427.600,  28.000, 311.200, 159.400, 835.900, 943.400,1848.300
   1.720, 986.600,  28.000, 311.800, 286.000, 640.800, 737.900,1471.500
   1.730,1008.700,  28.500, 310.000, 132.500, 650.500, 728.300,1454.800
   1.740,1435.800,  28.000, 311.900, 180.900, 848.300, 953.300,1887.600
   1.750,1016.800,  28.000, 314.100, 187.300, 645.800, 749.400,1449.800
   1.760, 924.100,  28.000, 326.700, 344.600, 645.300, 746.400,1472.300
   1.770,1422.300,  28.000, 322.300, 180.900, 839.600, 942.700,1881.700
   1.780,1029.400,  28.600, 325.700, 288.100, 657.600, 752.400,1496.400
   1.790,1022.700,  28.000, 323.100, 281.700, 641.900, 746.400,1479.900
   1.800,1407.100,  28.200, 331.100, 154.300, 859.100, 946.700,1899.800
   1.810,1029.700,  27.900, 321.000, 135.800, 653.200, 752.500,1459.700
   1.820,1005.100,  28.100, 332.200, 209.300, 653.200, 765.900,1487.800
   1.830,1439.900,  28.100, 323.600, 168.700, 847.400, 968.500,1914.800
   1.840, 964.800,  28.200, 318.700, 191.700, 636.400, 761.200,1469.600
   1.850,1017.500,  27.700, 315.600, 273.600, 644.800, 772.800,1472.800
   1.860,1422.600,  28.100, 320.500, 148.600, 859.800, 975.300,1929.700
   1.870,1039.200,  28.400, 225.000, 169.900, 666.400, 765.800,1485.800
   1.880,1006.300,  28.000, 325.000, 151.300, 669.000, 767.900,1487.800
   1.890,1850.300,  28.500, 328.800, 140.400,1058.200,1165.900,2328.000
   1.900,1013.800,  28.600, 324.100, 339.200, 666.800, 783.800,1493.100
   1.910,1017.800,  28.700, 333.400, 170.500, 678.300, 755.000,1534.400
   1.920,1319.800,  29.100, 327.100, 232.600, 884.100, 982.000,1917.400
   1.930,1028.800,  28.300, 337.200, 209.300, 672.200, 771.600,1536.100
   1.940,1029.200,  28.300, 338.700, 134.600, 701.700, 778.300,1561.600
   1.950,1465.400,  29.900, 338.400, 131.900, 878.000, 991.100,2008.800
   1.960,1027.200,   1.200, 435.000, 127.600, 664.000, 761.700,1565.200
   1.970,1029.200,  28.500, 333.200, 129.900, 686.600, 759.000,1558.800
   1.980,1476.100,  28.400, 346.700, 118.400, 878.300, 976.900,1970.100
   1.990,1052.000,  28.800, 329.100, 237.100, 674.200, 777.300,1537.000
   2.000, 861.800,  28.000, 334.900, 115.900, 676.600, 796.700,1598.700
   2.010,1458.500,  29.100, 333.800, 245.700, 891.000, 992.800,1946.400
   2.020,1000.400,  29.000, 336.700, 124.500, 685.300, 787.400,1560.100
   2.030,1027.200,  29.700, 347.400, 215.800, 694.200, 796.100,1523.900
   2.040,1428.200,  28.300, 335.300, 197.900, 894.900,1012.600,2037.200
   2.050,1086.700,  30.900, 346.600, 295.300, 712.100, 800.400,1606.800
   2.060,1008.300,  28.900, 340.400, 213.400, 695.500, 799.600,1560.800
   2.070,1442.300,  28.500, 360.100, 145.000, 949.100,1013.700,1985.300
   2.080, 959.900,  29.000, 340.000, 121.200, 705.200, 803.200,1547.300
   2.090,1021.100,  29.200, 374.700, 238.100, 708.700, 803.500,1552.100
   2.100,1857.400,  28.700, 347.800, 202.800,1129.700,1215.700,2399.300
   2.110,1015.900,  28.500, 340.900, 138.300, 706.100, 805.800,1542.600
   2.120, 978.100,  28.500, 352.100, 112.300, 701.200, 810.900,1583.000
   2.130,1416.400,  28.600, 351.300, 170.000, 884.200,1001.800,1976.800
   2.140, 996.900,  28.300, 331.800, 194.400, 712.000, 794.500,1584.600
   2.150, 999.200,  30.100, 350.800, 119.600, 699.300, 787.000,1590.100
   2.160,1410.200,  28.600, 341.200, 163.400, 907.300,1018.300,2008.400
   2.170,1008.000,  28.000, 362.600, 183.800, 693.400, 795.800,1578.100
   2.180,1007.400,  28.100, 349.700, 212.600, 698.200, 788.600,1609.500
   2.190,1422.700,  28.000, 345.900, 135.100, 913.200,1025.100,2015.400
   2.200, 991.700,  28.000, 346.200, 119.100, 703.800, 813.300,1596.500
   2.210,1036.500,  28.700, 346.300, 169.500, 705.200, 836.400,1585.700
   2.220,1424.600,  28.300, 343.300, 134.200, 901.100,1020.600,2011.100
   2.230,1011.100,  28.300, 350.900, 168.600, 682.900, 806.700,1594.100
   2.240, 904.600,  31.800, 348.200, 291.300, 724.500, 821.200,1570.800
   2.250,1428.700,   1.000, 449.000, 125.900, 929.800,1007.900,2001.700
   2.260,1020.200,  28.300, 365.900, 295.100, 722.000, 808.000,1581.000
   2.270,1004.800,  28.000, 354.000, 119.400, 716.800, 804.200,1557.300
   2.280,1426.100,  28.100, 352.200, 149.700, 911.500,1022.800,1997.000
   2.290,1005.100,  28.000, 344.800, 121.500, 720.500, 814.200,1614.500
   2.300,1000.200,  28.100, 354.500, 121.200, 730.900, 819.700,1584.800
   2.310,2005.200,  28.100, 358.400, 253.000,1216.000,1310.000,2612.200
   2.320, 977.200,  28.000, 351.900, 245.400, 731.200, 816.900,1646.000
   2.330,1023.800,  28.200, 356.600, 274.000, 726.300, 817.500,1593.800
   2.340,1416.200,  28.300, 351.000, 176.800, 919.000,1027.000,2031.800
   2.350,1009.500,  28.500, 348.400, 130.700, 727.200, 828.200,1601.900
   2.360, 983.700,  28.100, 365.800, 116.400, 712.100, 802.800,1611.700
   2.370,1416.700,  28.400, 347.300, 168.100, 923.600,1020.100,2052.000
   2.380,1008.400,  29.000, 359.200, 171.600, 721.800, 814.500,1606.700
   2.390,1007.300,  28.000, 362.300, 166.800, 708.000, 830.600,1654.700
   2.400,1354.600,  28.100, 249.800, 137.800, 928.300,1034.200,2012.800
   2.410,1008.500,  28.000, 350.100, 183.900, 703.000, 839.600,1647.200
   2.420, 996.800,  27.500, 351.500, 180.400, 709.500, 837.400,1601.500
   2.430,1458.500,  28.000, 358.900, 127.100, 925.900,1030.100,2042.000
   2.440, 979.400,  28.000, 360.200, 147.300, 719.100, 831.800,1623.200
   2.450,1015.300,  30.300, 374.600, 135.000, 737.300, 826.300,1618.700
   2.460,1412.000,  28.000, 357.000, 118.300, 943.800,1041.400,2036.700
   2.470,1024.300,  28.300, 352.300, 174.300, 750.100, 834.000,1636.900
   2.480, 965.700,  28.200, 366.100, 119.000, 750.600, 832.800,1601.300
   2.490,1424.000,  28.000, 357.600, 192.500, 949.700,1042.200,2064.100
   2.500,1012.000,  28.400, 357.000, 203.900, 747.000, 823.400,1626.300
   2.510,1012.500,  28.000, 371.600, 185.500, 752.200, 845.800,1644.900
   2.520,1813.100,  28.200, 367.200, 200.900,1150.700,1258.900,2467.800
   2.530,1035.600,  28.200, 362.500, 130.400, 738.200, 833.900,1642.100
   2.540,1005.100,  28.000, 356.700, 121.000, 770.500, 851.700,1649.500
   2.550,1431.200,  28.700, 357.800, 160.300, 935.900,1041.500,2075.500
   2.560, 928.700,   1.000, 480.700, 173.600, 746.100, 857.400,1673.100
   2.570,1024.500,  28.000, 373.600, 103.700, 752.900, 830.600,1676.000
   2.580,1437.600,  28.100, 365.200, 106.600, 952.400,1030.100,2098.200
   2.590,1020.300,  28.000, 397.200, 164.400, 741.100, 832.900,1656.000
   2.600,1003.300,  28.000, 379.200, 224.600, 741.700, 825.200,1672.100
   2.610,1427.200,  27.700, 370.900, 137.200, 946.200,1054.400,2093.400
   2.620,1006.600,  28.200, 386.600, 136.000, 746.300, 844.400,1685.200
   2.630,1029.200,  28.000, 367.800, 178.900, 749.100, 858.100,1652.800
   2.640,1410.600,  28.000, 370.200,  97.200, 942.800,1055.600,2101.700
   2.650,1022.800,  28.300, 371.900, 104.000, 732.100, 853.200,1671.700
   2.660,1025.000,  28.800, 382.300, 180.100, 767.000, 855.200,1669.100
   2.670,1442.800,  28.000, 371.200, 130.600, 971.500,1049.900,2099.500
   2.680,1005.300,  28.300, 403.200, 103.900, 765.100, 856.600,1684.100
   2.690,1036.300,  28.100, 371.500, 181.100, 760.600, 858.600,1661.800
   2.700,1413.400,  27.800, 392.800, 123.100, 961.400,1062.300,2101.700
   2.710,1020.300,  28.100, 375.600, 259.900, 758.100, 854.900,1697.400
   2.720, 948.100,  27.800, 375.900, 111.200, 773.500, 869.000,1724.700
   2.730,1825.500,  27.900, 387.900, 124.900,1189.200,1271.000,2542.300
   2.740,1014.000,  28.200, 381.600, 159.500, 781.800, 872.000,1712.600
   2.750,1064.300,  28.200, 396.000, 116.000, 746.700, 852.400,1699.800
   2.760,1418.500,  28.200, 387.100, 129.400, 978.300,1062.600,2128.500
   2.770,1032.600,  28.200, 386.300, 159.200, 770.000, 871.600,1739.900
   2.780,1035.100,  28.400, 391.100, 284.300, 757.800, 849.000,1724.400
   2.790,1486.300,  28.200, 396.200, 145.600, 997.800,1070.800,2144.600
   2.800, 983.400,  28.200, 378.600, 120.800, 785.000, 866.700,1724.000
   2.810,1051.300,  28.100, 385.500, 248.100, 767.100, 868.000,1736.200
   2.820,1435.300,  28.400, 380.900, 124.200, 982.000,1068.100,2129.700
   2.830,1038.300,  28.200, 389.500, 127.000, 767.700, 886.600,1737.600
   2.840,1013.700,  27.900, 383.200,  88.200, 770.900, 879.100,1715.500
   2.850,1464.900,  28.200, 383.900, 111.400, 990.400,1087.300,2157.500
   2.860,1030.700,  28.200, 394.900, 122.500, 763.700, 887.200,1713.900
   2.870,1035.000,  28.100, 385.200, 264.100, 753.500, 869.400,1734.500
   2.880,1340.500,  28.300, 397.400, 116.500, 979.300,1081.100,2152.600
   2.890,1036.300,   1.000, 486.400, 196.600, 785.100, 885.300,1715.800
   2.900,1028.400,  28.000, 412.600, 110.900, 785.600, 883.400,1742.000
   2.910,1471.300,  28.100, 392.100, 142.300, 994.900,1074.000,2116.400
   2.920,1016.900,  28.000, 396.400, 153.200, 783.100, 876.600,1713.200
   2.930,1047.400,  28.100, 401.000,  99.800, 781.900, 874.100,1699.500
   2.940,1852.900,  28.200, 411.000, 152.900,1205.600,1298.900,2627.600
   2.950,1035.100,  29.100, 397.500, 219.400, 778.400, 881.400,1752.700
   2.960, 996.400,  28.200, 400.900, 101.400, 784.700, 881.700,1749.400
   2.970,1476.300,  28.300, 410.600, 175.800, 978.000,1092.000,2151.300
   2.980,1026.100,  28.100, 389.200, 109.700, 796.500, 889.100,1764.500
   2.990,1030.000,  28.400, 284.900, 227.000, 794.300, 880.600,1750.800
   3.000, 876.700,  28.400, 392.100, 110.900, 999.700,1093.300,2177.000
   3.010,1101.500,  28.300, 406.000, 100.000, 791.900, 896.200,1771.800
   3.020,1093.400,  28.000, 397.100,  99.800, 787.300, 890.900,1777.900
   3.030,1002.300,  28.400, 399.500,  97.000, 982.400,1091.400,2171.300
   3.040,1101.000,  28.600, 403.700, 166.500, 802.400, 891.000,1756.600
   3.050,1101.300,  28.000, 384.300, 189.400, 775.300, 886.900,1800.100
   3.060,1421.900,  28.900, 402.900, 107.800, 999.600,1091.400,2199.700
   3.070,1088.100,  28.200, 295.500, 107.600, 784.300, 894.700,1775.200
   3.080,1158.800,  28.300, 290.200,  98.000, 824.900, 926.300,1749.400
   3.090,1018.300,  29.400, 296.600, 134.600, 985.400,1116.800,2238.600
   3.100,1117.500,  28.100, 186.100, 227.800, 795.100, 902.100,1797.800
   3.110,1100.300,  28.200, 285.200, 134.600, 794.800, 903.700,1759.600
   3.120, 941.700,  27.700, 283.400, 105.000, 987.100,1110.200,2241.000
   3.130,1081.800,  27.500, 288.100, 133.200, 816.600, 897.000,1752.300
   3.140,1090.800,  28.000, 284.200, 122.200, 820.400, 909.800,1791.500
   3.150,1815.200,  28.100, 295.300, 195.300,1220.400,1311.000,2602.300
   3.160,1096.200,  28.100, 299.600, 190.700, 791.100, 911.300,1760.400
   3.170,1095.900,  28.200, 288.800, 166.000, 804.500, 894.300,1773.400
   3.180, 982.500,  28.000, 286.600, 164.800,1008.500,1095.100,2197.300
   3.190,1095.900,  28.300, 291.700, 206.000, 816.300, 905.800,1791.200
   3.200,1101.000,  28.100, 298.700, 157.100, 803.400, 908.500,1809.200
   3.210,1000.300,  27.900, 188.800, 266.700,1008.400,1106.300,2207.400
   3.220,1096.200,  28.300, 293.100, 153.000, 823.800, 903.600,1803.600
   3.230,1087.600,  27.200, 190.500, 125.800, 807.000, 902.500,1800.700
   3.240,1403.300,   1.000, 298.400, 153.500,1014.800,1103.100,2211.300
   3.250,1086.400,  28.100, 298.200, 235.600, 818.500, 899.900,1805.600
   3.260,1115.100,  27.500, 294.700, 254.400, 819.000, 905.500,1816.800
   3.270,1004.500,  28.000, 293.100, 162.900,1014.400,1098.000,2234.500
   3.280,1117.700,  28.700, 303.100, 199.100, 814.700, 893.100,1791.400
   3.290,1104.100,  27.600, 309.200, 285.900, 817.700, 903.200,1790.600
   3.300,1002.800,  27.600, 294.700, 132.300,1013.000,1120.200,2249.100
   3.310,1105.100,  28.100, 296.800, 147.200, 819.900, 922.300,1806.700
   3.320,1092.900,  27.800, 302.200, 143.600, 811.700, 936.400,1775.800
   3.330,1427.200,  28.000, 302.300, 317.000,1008.500,1139.100,2238.800
   3.340,1105.900,  28.000, 298.800, 169.500, 822.600, 931.500,1827.900
   3.350,1119.600,  28.000, 299.100, 182.900, 804.700, 921.300,1824.800
   3.360, 899.100,  27.100, 297.800, 225.600,1213.300,1320.100,2649.700
   3.370,1096.900,  27.400, 302.400, 137.900, 803.000, 915.600,1797.100
   3.380,1100.400,  27.500, 325.100, 124.500, 818.400, 912.700,1804.700
   3.390,1014.100,  28.000, 319.900, 138.300,1027.900,1122.900,2219.800
   3.400,1107.600,  28.100, 311.200, 151.200, 835.400, 905.300,1787.200
   3.410,1094.800,  27.700, 320.200, 151.200, 831.800, 928.800,1812.100
   3.420,1414.000,  27.700, 317.900, 144.900,1030.700,1134.400,2235.200
   3.430,1110.200,  28.200, 321.500, 214.200, 836.600, 924.500,1823.000
   3.440,1123.000,  28.000, 313.500, 178.800, 820.900, 934.500,1858.500
   3.450,1008.500,  27.900, 313.000, 265.500,1036.800,1128.700,2267.600
   3.460,1110.500,  28.200, 309.600, 122.100, 847.700, 918.800,1838.800
   3.470,1103.300,  27.800, 322.400, 172.600, 827.100, 929.400,1846.600
   3.480, 982.900,  28.200, 316.500, 156.600,1031.900,1121.000,2232.500
   3.490,1120.400,  28.000, 316.000, 222.800, 833.700, 928.100,1866.200
   3.500,1097.300,  28.000, 309.400, 265.600, 830.900, 928.300,1856.700
   3.510,1434.100,  28.300, 211.700, 118.900,1043.100,1130.000,2276.800
   3.520,1090.400,  28.100, 312.700, 162.000, 822.700, 926.400,1881.100
   3.530,1083.400,  28.000, 319.600, 247.700, 828.400, 931.500,1874.100
   3.540, 994.900,  28.000, 317.400, 194.300,1038.600,1121.500,2331.700
   3.550,1107.700,  28.700, 214.000, 182.700, 839.900, 926.300,1842.100
   3.560,1102.400,  28.200, 329.800, 158.000, 830.700, 921.900,1853.300
   3.570, 996.300,  28.000, 321.900, 114.900,1232.500,1355.600,2738.500
   3.580,1110.000,  28.200, 220.900, 147.300, 834.200, 951.000,1831.600
   3.590,1125.600,  28.000, 324.300, 116.600, 835.000, 945.700,1873.400
   3.600,1364.300,  28.400, 334.300, 135.000,1031.200,1170.000,2263.100
   3.610,1107.500,   1.000, 433.300, 178.500, 833.300, 955.100,1884.100
   3.620,1104.000,  28.400, 326.000, 140.400, 848.300, 945.500,1879.500
   3.630,1010.100,  28.000, 325.900, 209.300,1032.200,1179.300,2302.300
   3.640,1109.500,  28.200, 334.800, 131.800, 858.000, 951.300,1866.200
   3.650,1099.600,  27.700, 345.300, 256.800, 857.400, 949.600,1865.300
   3.660, 999.900,  28.300, 327.500, 114.400,1053.900,1167.200,2292.400
   3.670,1113.800,  28.500, 330.200, 120.300, 855.800, 935.500,1901.000
   3.680,1168.800,  29.400, 339.300, 124.200, 859.500, 962.000,1856.900
   3.690,1438.700,  28.000, 341.800, 127.800,1071.500,1154.400,2393.500
   3.700,1136.200,  28.200, 339.700, 209.500, 856.200, 942.200,1900.800
   3.710,1133.000,  28.000, 336.900, 186.900, 842.800, 957.700,1904.900
   3.720, 994.100,  28.300, 349.200, 138.500,1061.500,1153.700,2402.600
   3.730,1167.600,  28.900, 340.300, 121.500, 859.500, 954.100,1927.100
   3.740,1119.300,  28.400, 353.300, 183.100, 874.800, 979.400,1880.300
   3.750,1022.200,  28.200, 340.000, 166.000,1093.300,1191.600,2368.600
   3.760,1146.000,  28.800, 348.200, 120.800, 856.600, 973.200,1923.600
   3.770,1144.300,  28.000, 361.600, 227.900, 865.200, 980.600,1935.300
   3.780,1838.000,  28.400, 367.800, 199.800,1271.000,1414.700,2824.300
   3.790,1134.800,  28.300, 243.600, 133.400, 863.200, 956.400,1903.400
   3.800,1107.500,  28.300, 360.400, 177.100, 867.100, 971.100,1902.100
   3.810,1013.200,  28.500, 346.200, 277.800,1056.300,1154.700,2418.800
   3.820,1126.300,  28.100, 352.200, 165.900, 854.200, 965.600,1915.400
   3.830,1148.000,  28.600, 374.500, 206.000, 869.500, 944.000,1981.700
   3.840, 941.700,  28.700, 366.400, 138.500,1094.300,1191.200,2415.200
   3.850,1123.700,  31.800, 368.300, 116.300, 875.100,1015.900,1975.200
   3.860,1140.500,  29.000, 369.800, 140.600, 869.900, 990.300,1926.800
   3.870,1448.700,  28.700, 368.500, 129.500,1059.200,1217.200,2387.500
   3.880,1129.900,  28.900, 373.500, 139.900, 848.900, 978.600,2031.300
   3.890,1134.100,  29.600, 375.300, 178.300, 897.500, 985.300,1920.800
   3.900,1001.000,  28.600, 371.600, 161.200,1058.400,1192.800,2358.000
   3.910,1119.200,  28.200, 387.200, 141.900, 877.400, 988.200,1916.100
   3.920,1128.300,  28.200, 372.800, 142.300, 865.600, 977.800,1914.600
   3.930,1021.100,  27.400, 402.800, 121.400,1098.600,1173.500,2381.700
   3.940,1108.100,  28.200, 274.900, 180.600, 887.900, 982.600,1930.400
   3.950,1132.300,  29.300, 281.300, 127.800, 879.900, 983.400,1941.000
   3.960,1450.100,  29.400, 300.400, 179.900,1092.400,1191.100,2367.200
   3.970,1121.900,  28.400, 297.600, 164.100, 889.200, 973.500,1935.900
   3.980,1114.600,  28.000, 294.000, 163.900, 881.700, 984.100,1942.200
   3.990,1026.900,  27.600, 338.800, 188.400,1285.500,1414.300,2779.300
   4.000, 853.400,   1.000, 136.400, 156.000, 876.400, 976.000,1957.100
   4.010,1030.100,  28.600, 325.600, 135.100, 872.500, 985.700,1940.200
   4.020,1435.300,  28.000, 292.300, 118.400,1072.900,1179.000,2335.200
   4.030,1056.300,  28.500, 293.200, 176.300, 888.800, 968.000,1959.200
   4.040,1009.600,  27.800, 285.200, 192.300, 874.800, 976.800,1954.500
   4.050,1446.900,  28.200, 277.500, 202.700,1080.000,1182.700,2382.400
   4.060,1023.700,  27.900, 288.100, 184.800, 886.700, 979.000,1986.000
   4.070,1051.000,  27.600, 275.900, 237.100, 878.600, 976.200,1953.100
   4.080,1416.400,  28.000, 373.200, 114.100,1079.800,1174.500,2367.100
   4.090,1037.000,  28.100, 389.600, 130.100, 879.300, 979.700,1943.300
   4.100,1017.600,  28.000, 368.300, 153.800, 862.600, 980.700,1950.500
   4.110,1423.200,  28.000, 373.100, 185.100,1082.600,1177.700,2402.200
   4.120, 998.900,  28.600, 369.500, 190.800, 893.400, 995.900,1981.300
   4.130,1039.100,  28.100, 369.700, 195.000, 888.200,1006.400,1953.000
   4.140,1427.700,  28.000, 373.600, 169.000,1091.300,1214.500,2374.200
   4.150,1037.600,  28.100, 358.900, 185.100, 884.100, 996.300,1955.700
   4.160, 956.200,  27.900, 358.800, 242.600, 889.400, 996.000,1957.900
   4.170,1434.000,  27.900, 371.000, 169.000,1071.700,1189.100,2376.300
   4.180,1020.400,  28.100, 358.800, 130.700, 890.400, 992.400,1952.700
   4.190,1027.200,  27.900, 248.600, 193.100, 876.800, 994.000,1959.800
   4.200,1823.800,  28.000, 366.100, 122.500,1325.000,1402.400,2779.100
   4.210,1028.700,  28.300, 367.600, 135.400, 905.800,1001.700,1945.100
   4.220,1014.700,  28.100, 353.000, 185.500, 901.400, 977.100,1954.600
   4.230,1468.700,  28.000, 350.200, 116.900,1100.400,1210.600,2371.900
   4.240,1003.600,  28.300, 345.000, 181.900, 906.200, 999.600,1999.700
   4.250,1034.900,  28.000, 346.500, 128.300, 895.000, 992.500,1985.300
   4.260,1413.500,  28.000, 346.900, 262.600,1099.900,1191.800,2422.100
   4.270,1043.100,  28.000, 337.300, 153.400, 905.900,1000.400,1986.300
   4.280, 994.900,  27.600, 345.200, 176.000, 891.500,1002.000,1999.400
   4.290,1435.100,  28.000, 351.500, 182.600,1103.000,1193.900,2391.500
   4.300,1006.800,  28.000, 340.300, 174.200, 903.900, 989.400,1974.500
   4.310,1041.800,  28.100, 364.900, 152.200, 901.500, 997.700,1970.800
   4.320,1395.700,  28.200, 335.300, 134.100,1108.000,1196.100,2430.000
   4.330,1032.400,  27.700, 335.000, 156.100, 895.700, 988.400,2024.200
   4.340,1015.000,  28.100, 356.200, 205.000, 887.900, 999.500,2008.900
   4.350,1433.500,  27.600, 335.700, 146.100,1106.500,1206.900,2402.000
   4.360,1005.600,  28.300, 348.500, 171.800, 897.100,1005.900,2049.000
   4.370,1031.900,  27.600, 330.500, 158.900, 898.000,1003.600,2012.600
   4.380,1431.400,  27.500, 353.000, 134.800,1102.800,1201.200,2434.500
   4.390,1064.700,  28.200, 337.100, 177.000, 899.500,1006.600,2017.000
   4.400,1003.100,  27.900, 343.100, 163.100, 900.500, 992.600,2013.700
   4.410,1838.600,   1.000, 445.300, 266.700,1314.800,1401.000,2835.600
   4.420,1023.000,  28.000, 325.500, 154.900, 892.900,1016.600,2005.400
   4.430,1049.900,  28.700, 342.800, 197.100, 925.700,1024.300,2036.200
   4.440,1443.200,  28.000, 322.000, 191.200,1103.300,1239.800,2434.900
   4.450,1057.600,  27.800, 319.000, 157.700, 917.200,1022.700,2022.600
   4.460,1012.800,  27.700, 334.000, 130.700, 907.200,1026.600,2013.900
   4.470,1461.500,  28.000, 332.700, 273.400,1117.100,1286.600,2448.500
   4.480, 905.100,  28.000, 320.900, 199.700, 895.500,1012.200,2033.700
   4.490,1058.600,  28.100, 324.500, 393.300, 932.800,1015.800,2004.400
   4.500,1454.300,  28.300, 321.000, 176.500,1162.500,1223.900,2444.400
   4.510,1080.600,  28.700, 223.500, 199.800, 939.200,1020.900,2048.200
   4.520,1015.900,  28.000, 216.900, 204.700, 937.600,1030.200,2007.100
   4.530,1469.900,  28.000, 324.900, 276.700,1122.600,1211.400,2455.000
   4.540,1032.800,  28.800, 213.800, 141.100, 951.300,1030.000,2023.600
   4.550,1056.100,  28.400, 323.200, 243.600, 939.100,1018.300,2064.500
   4.560,1440.100,  27.800, 320.200, 269.100,1132.800,1240.300,2508.700
   4.570,1046.700,  28.100, 319.200, 163.000, 927.900,1023.900,2059.400
   4.580,1026.000,  27.900, 310.400, 192.400, 921.700,1023.800,2052.800
   4.590,1456.300,  28.000, 310.000, 164.200,1141.000,1225.200,2440.600
   4.600,1021.100,  28.300, 323.000, 250.600, 930.700,1011.200,2044.500
   4.610,1055.800,  28.300, 313.200, 142.400, 926.000,1027.400,2047.800
   4.620,2053.300,  28.000, 312.100, 153.200,1463.300,1529.000,3082.300
   4.630,1045.700,  28.500, 324.200, 134.500, 934.900,1020.300,2135.400
   4.640, 991.800,  28.000, 317.500, 148.600, 927.600,1020.400,2097.200
   4.650,1464.900,  28.000, 311.400, 243.400,1143.100,1237.600,2514.000
   4.660,1017.800,  28.100, 308.000, 156.000, 931.900,1036.800,2057.300
   4.670,1049.600,  28.200, 317.600, 167.900, 927.200,1024.600,2066.900
   4.680,1427.600,  28.200, 306.300, 140.000,1123.700,1226.800,2493.100
   4.690,1062.600,  28.700, 307.200, 193.800, 924.700,1043.000,2090.700
   4.700,1008.700,  28.000, 320.700, 192.600, 927.400,1035.400,2079.500
   4.710,1480.800,  28.100, 309.300, 146.700,1150.300,1242.000,2494.400
   4.720, 998.000,  28.000, 301.000, 182.500, 930.600,1047.500,2053.300
   4.730,1052.800,  28.400, 312.700, 220.700, 920.700,1057.100,2084.000
   4.740,1434.600,  27.900, 321.000, 166.300,1157.700,1242.200,2497.000
   4.750,1063.800,  27.800, 304.800, 160.000, 933.300,1062.700,2068.200
   4.760,1010.600,  28.400, 311.900, 160.300, 930.300,1045.000,2062.400
   4.770,1457.400,  28.300, 321.400, 145.300,1140.200,1258.100,2496.400
   4.780,1026.300,  28.000, 301.900, 169.600, 934.800,1030.000,2061.600
   4.790,1056.100,  28.100, 313.500, 173.900, 927.900,1047.400,2054.400
   4.800,1362.100,  28.300, 308.400, 396.200,1145.600,1233.900,2477.500
   4.810,1063.700,  28.100, 312.700, 169.100, 939.600,1053.000,2043.300
   4.820,1028.800,  28.100, 295.900, 218.500, 947.200,1058.400,2079.800
   4.830,1849.700,  28.400, 312.000, 215.500,1340.500,1452.600,2873.400
   4.840,1021.900,   1.000, 406.900, 191.800, 941.200,1043.600,2049.300
   4.850,1052.800,  27.500, 300.500, 148.200, 953.500,1052.300,2071.000
   4.860,1444.300,  27.700, 302.100, 135.500,1168.000,1258.900,2483.000
   4.870,1051.300,  27.800, 296.100, 155.400, 957.900,1044.900,2090.200
   4.880, 995.500,  28.200, 304.200, 164.500, 951.500,1041.400,2075.600
   4.890,1452.900,  28.000, 303.200, 150.200,1153.200,1243.900,2474.300
   4.900,1016.900,  28.100, 309.600, 295.700, 944.300,1043.100,2081.400
   4.910,1055.100,  28.800, 298.700, 152.100, 956.800,1041.600,2086.000
   4.920,1439.000,  28.300, 305.200, 153.100,1157.000,1255.100,2506.600
   4.930,1084.900,  28.200, 303.500, 290.100, 944.800,1043.700,2102.500
   4.940,1031.200,  28.200, 296.200, 177.100, 949.100,1053.400,2093.700
   4.950,1461.800,  28.200, 297.100, 136.400,1162.100,1258.500,2583.800
   4.960, 982.600,  28.400, 293.200, 198.200, 962.600,1054.300,2119.800
   4.970,1064.100,  28.200, 302.200, 166.800, 944.700,1047.900,2103.100
   4.980,1443.500,  28.400, 300.000, 192.900,1160.500,1240.200,2541.000
   4.990,1061.100,  28.300, 294.400, 275.200, 946.800,1048.200,2131.000
   5.000, 868.200,  31.200, 196.200, 205.700, 946.800,1042.200,2088.100
   5.010,1444.600,  28.500, 191.000, 198.700,1153.800,1255.900,2555.300
   5.020, 982.200,  28.000, 298.500, 159.400, 949.900,1044.000,2103.500
   5.030,1005.600,  28.200, 289.200, 169.000, 942.400,1071.800,2124.000
   5.040,1783.000,  28.100, 310.000, 140.400,1347.500,1466.100,2905.000
   5.050,1012.600,  28.400, 300.700, 187.700, 965.100,1063.700,2166.600
   5.060,1001.000,  27.800, 305.800, 143.400, 949.400,1067.100,2137.300
   5.070,1451.900,  28.200, 289.500, 240.500,1152.400,1265.200,2553.500
   5.080, 978.600,  28.000, 294.000, 273.400, 942.700,1065.300,2124.700
   5.090,1012.400,  28.100, 288.300, 150.600, 946.500,1067.000,2103.600
   5.100,1409.500,  28.200, 293.700, 132.400,1162.900,1276.600,2518.500
   5.110,1020.700,  28.300, 298.100, 165.600, 977.900,1065.400,2131.300
   5.120, 950.100,  27.900, 285.200, 139.000, 984.100,1081.700,2104.900
   5.130,1416.500,  28.000, 290.000, 159.900,1178.400,1285.800,2536.400
   5.140,1005.000,  28.500, 295.100, 204.400, 969.700,1059.000,2103.200
   5.150,1003.100,  27.700, 285.200, 135.500, 967.600,1073.200,2104.500
   5.160,1394.400,  28.700, 297.000, 163.500,1173.300,1276.900,2573.800
   5.170,1039.500,  28.300, 290.100, 178.500, 979.200,1079.300,2155.300
   5.180,1003.900,  28.600, 286.300, 185.000, 970.800,1070.100,2124.700
   5.190,1433.200,  28.300, 287.200, 139.600,1175.500,1283.600,2583.600
   5.200, 952.100,  28.300, 291.900, 132.200, 982.000,1079.100,2126.200
   5.210,1002.500,  28.000, 284.400, 152.800, 972.400,1068.500,2192.800
   5.220,1413.500,  28.500, 409.000, 266.200,1169.000,1268.700,2569.800
   5.230,1014.000,  28.700, 394.900, 194.500, 964.800,1060.200,2147.100
   5.240, 979.600,  28.200, 395.300, 176.900, 964.900,1084.000,2173.100
   5.250,1836.700,  28.400, 393.400, 136.000,1398.900,1480.100,2997.900
   5.260,1022.100,  28.300, 411.400, 204.700, 976.600,1076.400,2247.700
   5.270,1017.200,  28.200, 412.100, 183.100, 989.800,1075.500,2248.000
   5.280,1357.000,  29.700, 400.900, 148.700,1198.200,1272.000,2609.000
   5.290,1037.500,   1.000, 522.100, 186.500, 996.600,1112.400,2195.600
   5.300,1025.100,  29.100, 401.000, 189.700, 973.200,1070.900,2219.400
   5.310,1442.300,  28.500, 396.000, 138.700,1225.700,1316.100,2620.800
   5.320, 982.900,  28.900, 388.400, 194.100, 969.900,1076.100,2188.400
   5.330,1037.000,  29.100, 396.600, 188.400, 982.800,1071.300,2158.900
   5.340,1451.300,  29.000, 389.000, 281.000,1192.300,1255.100,2642.600
   5.350,1011.700,  28.500, 386.000, 196.400, 979.100,1101.000,2188.000
   5.360, 959.500,  28.900, 391.900, 152.300, 977.100,1140.800,2213.300
   5.370,1443.200,  29.000, 396.800, 205.500,1214.200,1306.800,2606.100
   5.380,1008.700,  29.000, 403.500, 195.000, 985.800,1089.800,2157.000
   5.390,1017.600,  29.000, 411.100, 234.300, 972.900,1104.000,2183.300
   5.400,1412.700,  29.000, 401.400, 152.600,1179.900,1330.600,2644.700
   5.410,1059.800,  30.400, 404.900, 188.100, 974.200,1125.600,2204.100
   5.420,1025.500,  29.300, 391.800, 215.000, 991.800,1102.700,2157.400
   5.430,1454.800,  29.300, 393.300, 199.700,1207.600,1292.600,2606.500
   5.440, 926.600,  32.800, 401.300, 138.800,1017.900,1106.500,2222.000
   5.450,1034.400,  29.700, 410.600, 327.800,1054.100,1158.100,2205.500
   5.460,1858.700,  29.700, 393.900, 198.800,1441.600,1527.800,3059.800
   5.470,1047.600,  31.900, 404.700, 223.200,1036.300,1148.300,2283.900
   5.480,1027.500,  30.800, 412.200, 174.600,1041.300,1098.900,2214.100
   5.490,1463.200,  28.800, 409.900, 266.000,1214.400,1332.900,2777.000
   5.500,1012.200,  28.900, 384.900, 136.000, 994.600,1095.300,2195.700
   5.510,1019.300,  28.200, 401.600, 135.000,1011.000,1119.800,2236.300
   5.520,1376.200,  28.500, 392.200, 219.700,1235.600,1296.500,2623.600
   5.530,1029.900,  28.300, 390.300, 281.700,1002.800,1106.000,2261.400
   5.540,1020.100,  28.200, 401.500, 180.700,1007.600,1093.400,2256.400
   5.550,1431.000,  28.800, 395.300, 168.500,1200.700,1352.600,2626.200
   5.560, 982.600,  28.700, 285.400, 137.400,1013.600,1115.300,2195.400
   5.570,1037.200,  28.400, 394.600, 187.500, 995.900,1082.000,2227.100
   5.580,1417.500,  27.900, 397.200, 168.900,1199.000,1293.700,2665.000
   5.590,1034.600,  28.400, 395.900, 277.400,1013.100,1111.800,2231.400
   5.600, 916.200,  28.300, 388.200, 183.000,1003.200,1101.700,2217.700
   5.610,1468.600,  28.000, 392.100, 188.500,1210.300,1301.900,2633.000
   5.620, 996.800,  28.300, 398.400, 188.400, 989.500,1103.200,2184.800
   5.630,1023.700,  28.100, 382.500, 142.800, 995.700,1096.700,2205.800
   5.640,1387.600,  27.800, 397.700, 133.600,1196.900,1323.800,2683.400
   5.650,1017.700,  28.100, 387.100, 145.300, 998.400,1094.300,2198.700
   5.660,1002.900,  28.100, 374.700, 190.200, 978.900,1087.300,2244.800
   5.670,1842.400,  28.400, 390.000, 160.300,1398.200,1522.700,3034.000
   5.680, 963.500,  27.900, 379.000, 200.800,1025.000,1128.500,2224.200
   5.690,1019.000,  28.600, 381.600, 348.800, 988.800,1085.800,2201.500
   5.700,1427.800,  27.900, 386.500, 216.600,1205.500,1337.800,2679.900
   5.710,1014.500,  28.600, 389.700, 186.200,1000.300,1109.900,2219.900
   5.720, 989.300,  28.100, 274.900, 196.900,1000.000,1109.800,2242.100
   5.730,1461.600,  28.500, 382.400, 208.100,1201.400,1325.800,2626.900
   5.740,1023.200,  28.500, 378.800, 189.800,1015.500,1110.500,2204.900
   5.750,1006.100,  27.900, 376.200, 341.700, 991.900,1114.700,2194.400
   5.760,1337.500,   1.000, 483.900, 223.100,1208.100,1311.400,2632.100
   5.770,1020.000,  28.200, 378.200, 139.600, 999.200,1106.600,2246.400
   5.780,1006.200,  28.000, 385.400, 156.200,1020.000,1119.300,2227.500
   5.790,1418.600,  27.400, 382.400, 148.000,1250.900,1313.400,2616.400
   5.800, 981.500,  28.400, 270.300, 220.200,1022.400,1112.900,2190.800
   5.810,1017.200,  28.100, 375.500, 182.400,1025.900,1114.100,2185.600
   5.820,1420.000,  27.900, 381.300, 144.400,1235.900,1313.800,2607.300
   5.830,1017.400,  28.900, 374.800, 153.900,1013.300,1130.300,2275.400
   5.840, 945.400,  28.100, 373.700, 253.800,1025.400,1118.500,2283.000
   5.850,1445.600,  28.500, 369.600, 187.400,1215.200,1323.300,2711.200
   5.860, 993.100,  28.000, 383.900, 236.100,1036.000,1128.300,2206.400
   5.870,1006.400,  27.600, 379.400, 140.400,1011.800,1124.300,2239.500
   5.880,1823.500,  28.100, 376.100, 215.800,1437.900,1507.000,3064.900
   5.890,1002.400,  28.200, 368.700, 207.700,1019.000,1114.400,2215.400
   5.900,1001.500,  28.000, 374.400, 191.500,1019.400,1130.500,2223.600
   5.910,1428.400,  28.200, 391.400, 273.600,1232.600,1336.200,2664.300
   5.920, 904.000,  28.100, 381.500, 184.500,1021.100,1117.000,2249.400
   5.930,1013.900,  28.300, 382.300, 215.400,1021.900,1124.400,2253.700
   5.940,1427.000,  28.300, 372.100, 163.300,1224.900,1315.700,2689.500
   5.950,1036.000,  28.800, 376.300, 198.100,1026.200,1114.400,2268.800
   5.960, 979.100,  28.500, 265.800, 232.200,1012.200,1113.800,2276.400
   5.970,1445.500,  28.200, 369.600, 183.500,1254.900,1326.300,2702.500
   5.980,1000.200,  28.200, 378.900, 138.800,1030.800,1122.500,2260.400
   5.990,1035.300,  30.100, 371.500, 161.500,1025.400,1131.500,2269.800
   6.000, 878.500,  28.100, 375.600, 185.600,1222.800,1319.400,2746.200
   6.010,1113.600,  28.400, 373.900, 137.600,1022.300,1124.000,2266.400
   6.020,1094.400,  27.800, 373.000, 144.800,1022.800,1123.200,2328.100
   6.030,1473.000,  28.300, 371.200, 157.600,1237.100,1334.600,2725.600
   6.040,1107.500,  28.600, 364.400, 182.400,1036.700,1181.100,2258.400
   6.050,1108.500,  28.600, 381.900, 190.800,1005.300,1141.400,2276.500
   6.060,1013.000,  28.200, 370.700, 192.800,1234.300,1378.300,2740.800
   6.070,1100.800,  29.100, 376.400, 129.500,1014.900,1151.700,2275.900
   6.080,1127.600,  28.500, 268.300, 259.400,1026.500,1159.500,2262.100
   6.090,1020.500,  28.200, 362.400, 162.700,1437.300,1540.800,3065.300
   6.100,1100.200,  28.100, 374.800, 195.600,1023.400,1154.700,2288.400
   6.110,1103.100,  28.000, 371.600, 174.400,1028.900,1148.500,2252.000
   6.120,1439.200,  28.700, 366.400, 200.700,1236.500,1352.500,2705.100
   6.130,1097.000,  28.100, 363.200, 137.100,1043.600,1142.500,2276.500
   6.140,1121.700,  28.500, 380.900, 134.500,1040.000,1152.400,2250.400
   6.150,1022.700,  28.500, 383.800, 143.600,1238.900,1347.200,2683.500
   6.160,1118.500,  28.400, 376.000, 202.500,1053.100,1136.300,2302.500
   6.170,1118.800,  28.300, 374.700, 260.800,1048.300,1178.100,2300.100
   6.180,1015.600,  28.300, 360.400, 139.700,1278.600,1346.200,2736.100
   6.190,1137.200,  29.700, 373.400, 177.700,1045.600,1161.000,2331.400
   6.200,1128.100,  28.000, 361.900, 186.000,1036.600,1128.100,2308.000
   6.210,1430.000,  28.100, 373.700, 199.600,1257.100,1367.800,2718.100
   6.220,1102.100,  28.200, 366.300, 179.800,1081.200,1164.800,2296.700
   6.230,1119.200,  29.800, 387.400, 235.800,1052.200,1135.600,2300.800
   6.240, 964.000,  29.600, 402.000, 168.500,1284.100,1346.800,2751.000
   6.250,1121.400,   1.100, 479.900, 174.400,1072.100,1171.100,2300.600
   6.260,1113.900,  28.200, 375.200, 160.600,1038.700,1133.600,2354.000
   6.270,1033.400,  28.900, 366.600, 150.400,1285.100,1396.300,2752.500
   6.280,1114.700,  29.200, 378.200, 139.400,1076.500,1163.600,2336.300
   6.290,1133.600,  29.200, 378.100, 201.500, 489.000, 595.000,1145.300
   6.300,1852.700,  28.500, 370.800, 140.600, 523.500, 642.900,1282.300
   6.310,1102.700,  28.000, 379.100, 177.000, 599.300, 676.900,1382.100
   6.320,1111.400,  28.200, 368.300, 144.100, 609.300, 693.700,1409.800
   6.330,1044.100,  28.400, 372.600, 180.300, 584.600, 723.600,1415.000
   6.340,1111.800,  28.100, 361.200, 208.400, 638.900, 714.600,1466.700
   6.350,1094.400,  27.700, 372.200, 178.600, 640.600, 742.900,1465.700
   6.360,1010.400,  28.200, 366.900, 180.900, 642.400, 755.800,1519.500
   6.370,1089.300,  27.900, 376.500, 172.300, 678.700, 768.900,1500.500
   6.380,1090.200,  28.000, 361.700, 239.300, 656.300, 763.500,1539.500
   6.390,1445.800,  28.100, 374.500, 163.500, 706.400, 781.500,1574.200
   6.400,1091.000,  27.900, 358.500, 263.100, 683.100, 791.900,1612.400
   6.410,1098.500,  28.000, 353.700, 179.700, 674.900, 815.700,1636.500
   6.420,1009.700,  28.000, 354.400, 286.200, 716.600, 803.100,1639.100
   6.430,1106.800,  28.100, 368.200, 313.600, 722.400, 820.900,1656.600
   6.440,1102.500,  28.000, 364.300, 234.500, 712.000, 830.100,1661.800
   6.450,1028.500,  28.000, 374.700, 201.000, 762.500, 812.200,1654.800
   6.460,1097.600,  28.100, 379.000, 140.900, 747.800, 819.600,1661.200
   6.470,1108.000,  27.800, 369.700, 203.900, 734.900, 828.400,1695.400
   6.480,1407.500,  28.000, 370.700, 195.500, 751.700, 861.900,1731.500
   6.490,1108.400,  28.200, 363.600, 151.000, 779.600, 855.200,1731.500
   6.500,1098.800,  27.800, 350.800, 204.000, 776.500, 868.600,1716.700
   6.510,1018.400,  27.800, 363.900, 308.300, 769.100, 871.600,1757.500
   6.520,1096.700,  28.200, 364.000, 250.300, 774.200, 880.400,1780.900
   6.530,1098.200,  27.800, 370.100, 222.400, 805.200, 900.100,1765.100
   6.540,1012.000,  28.000, 360.000, 196.500, 787.300, 892.000,1773.900
   6.550,1095.500,  28.000, 360.400, 183.200, 805.700, 894.100,1782.100
   6.560,1117.900,  28.000, 367.200, 237.200, 803.300, 881.600,1773.300
   6.570,1459.200,  27.800, 353.100, 202.400, 803.000, 917.900,1832.200
   6.580,1115.100,  28.200, 362.000, 191.100, 815.600, 898.300,1808.800
   6.590,1114.200,  27.700, 355.900, 153.200, 831.100, 911.400,1828.900
   6.600,1026.300,  28.800, 371.500, 198.900, 812.700, 901.000,1818.600
   6.610,1099.900,  28.200, 353.600, 209.700, 806.100, 906.800,1843.200
   6.620,1111.400,  28.600, 360.600, 231.200, 822.400, 911.400,1875.100
   6.630,1028.100,  28.800, 363.700, 305.800, 822.500, 942.200,1910.600
   6.640,1103.200,  28.000, 356.800, 138.100, 842.200, 926.200,1852.400
   6.650,1117.600,  27.800, 361.600, 130.400, 857.400, 930.200,1870.200
   6.660,1426.800,  28.400, 357.600, 191.900, 830.700, 924.500,1897.500
   6.670,1119.100,  28.300, 363.800, 262.200, 837.900, 935.400,1900.400
   6.680,1101.400,  27.900, 351.700, 177.400, 838.400, 941.800,1951.700
   6.690,1027.200,  29.400, 364.000, 152.200, 840.900, 949.500,1940.000
   6.700,1121.200,  28.600, 357.900, 241.300, 837.700, 950.100,1909.200
   6.710,1128.900,  28.600, 368.100, 203.600, 872.200, 952.300,1968.900
   6.720, 918.000,  28.300, 347.200, 171.100, 864.000, 948.000,1932.600
   6.730,1110.300,  28.000, 364.700, 259.700, 872.600, 951.100,1944.400
   6.740,1098.100,  28.000, 354.800, 172.600, 854.700, 963.700,1943.000
   6.750,1467.000,  28.000, 348.000, 314.100, 875.400, 961.300,1988.000
   6.760,1109.900,   1.000, 462.700, 156.100, 854.700, 988.000,1953.400
   6.770,1131.400,  28.200, 373.300, 183.700, 860.700, 980.100,1973.400
   6.780,1016.800,  28.200, 352.400, 192.600, 892.200, 978.700,1970.500
   6.790,1098.700,  27.900, 367.500, 135.600, 889.100, 976.300,1978.100
   6.800,1105.300,  27.900, 351.200, 129.100, 887.700, 990.900,2004.000
   6.810,1028.900,  28.000, 355.700, 235.100, 892.000, 980.900,1995.600
   6.820,1107.200,  27.600, 350.400, 169.900, 889.900, 979.200,2024.200
   6.830,1100.500,  28.100, 358.300, 147.500, 887.700,1015.700,2044.600
   6.840,1418.600,  28.400, 351.700, 254.300, 895.600, 998.400,2014.200
   6.850,1109.400,  28.800, 355.100, 148.600, 883.500, 992.500,2030.600
   6.860,1117.500,  28.000, 366.100, 170.900, 916.500, 983.800,2029.300
   6.870,1025.000,  28.300, 356.300, 218.600, 907.900,1006.900,2040.200
   6.880,1118.100,  28.500, 361.300, 329.600, 912.400, 998.500,2100.100
   6.890,1121.500,  28.700, 362.800, 132.400, 915.000, 996.200,2042.900
   6.900,1024.500,  28.300, 352.300, 222.400, 918.300, 997.200,2106.100
   6.910,1112.400,  28.600, 359.600, 167.800, 912.700,1004.900,2164.900
   6.920,1125.300,  28.600, 363.100, 262.200, 906.500,1035.100,2085.600
   6.930,2022.300,  28.000, 348.200, 211.600, 908.700,1060.200,2095.300
   6.940,1111.400,  28.800, 362.200, 219.600, 993.400,1054.700,2081.900
   6.950,1121.800,  28.800, 360.900, 220.700, 944.000,1031.100,2107.000
   6.960, 984.300,  28.400, 364.500, 151.100, 942.100,1028.900,2072.900
   6.970,1112.800,  28.500, 359.000, 168.500, 945.700,1030.700,2103.100
   6.980,1108.300,  28.600, 350.000, 157.700, 936.900,1075.200,2117.200
   6.990,1028.700,  28.200, 352.700, 427.400, 954.100,1069.500,2167.400
   7.000, 897.500,  30.500, 359.900, 202.100, 943.500,1046.600,2139.500
   7.010,1114.300,  28.400, 352.200, 296.500, 952.300,1088.100,2161.500
   7.020,1151.200,  29.300, 361.500, 183.400, 961.300,1062.200,2153.100
   7.030,1112.800,  28.600, 360.300, 235.900, 947.500,1066.900,2167.800
   7.040,1141.200,  28.900, 355.200, 180.100, 973.500,1067.800,2233.900
   7.050,1188.200,  32.100, 360.500, 265.200, 991.900,1078.900,2178.700
   7.060,1122.900,  28.600, 351.800, 194.900, 973.200,1099.600,2153.800
   7.070,1034.100,  29.300, 350.100, 222.800, 982.900,1055.900,2198.900
   7.080,1112.300,  30.100, 359.500, 197.400, 977.800,1056.600,2194.800
   7.090,1129.900,  29.500, 370.400, 158.300, 970.800,1068.200,2217.100
   7.100,1130.000,  28.900, 374.500, 211.700,1014.300,1073.000,2230.300
   7.110,1106.100,  28.300, 363.400, 193.300, 992.300,1059.300,2248.900
   7.120,1131.300,  28.700, 365.300, 173.000, 976.000,1083.100,2191.000
   7.130,1110.000,  29.300, 345.600, 180.700, 972.800,1095.100,2266.100
   7.140,1461.800,  28.800, 359.800, 256.800, 994.300,1107.500,2181.400
   7.150,1116.100,  28.700, 357.600, 270.500,1004.700,1130.000,2252.800
   7.160,1114.200,  28.900, 360.500, 190.100,1017.600,1083.300,2246.100
   7.170,1170.500,  28.900, 360.800, 204.800,1003.700,1087.300,2173.000
   7.180,1107.500,  28.600, 355.700, 251.200,1025.300,1104.800,2317.700
   7.190,1122.800,  28.900, 360.200, 177.800,1012.500,1083.400,2212.200
   7.200,1110.100,  28.900, 363.600, 240.000, 999.100,1085.700,2223.600
   7.210,1050.100,  29.000, 358.600, 229.800,1033.400,1116.000,2271.100
   7.220,1122.900,  29.500, 345.600, 162.000, 990.400,1071.800,2264.900
   7.230,1105.800,  28.600, 342.600, 278.600,1012.400,1114.900,2280.300
   7.240,1114.900,  29.100, 350.600, 297.400, 997.000,1124.900,2266.500
   7.250,1124.100,  28.100, 348.400, 376.700,1003.100,1119.000,2248.600
   7.260,1123.400,  29.200, 358.500, 191.600,1045.700,1115.600,2285.300
   7.270,1135.800,  29.700, 348.900, 254.700,1026.400,1127.300,2229.600
   7.280, 954.900,  28.600, 337.900, 234.200,1020.500,1124.400,2264.500
   7.290,1103.900,   1.000, 449.500, 198.400,1013.500,1120.500,2280.400
   7.300,1096.000,  28.200, 343.300, 179.700,1019.900,1095.100,2260.200
   7.310,1104.600,  28.500, 355.400, 369.900,1011.800,1093.400,2269.200
   7.320,1104.700,  28.500, 342.700, 166.000,1023.400,1128.800,2307.100
   7.330,1093.500,  28.500, 351.900, 189.400,1011.700,1114.300,2294.500
   7.340,1117.500,  28.600, 349.500, 263.800,1015.100,1101.800,2330.200
   7.350,1869.400,  28.500, 356.900, 213.400,1016.300,1123.000,2303.600
   7.360,1119.100,  28.400, 351.300, 165.600,1025.100,1152.100,2357.600
   7.370,1133.600,  29.300, 347.100, 169.300,1014.200,1126.100,2297.000
   7.380,1103.800,  28.100, 341.400, 154.000,1039.200,1143.400,2335.900
   7.390,1105.100,  28.200, 346.300, 172.000,1036.500,1131.600,2308.100
   7.400,1104.700,  28.000, 338.200, 209.700,1039.600,1146.300,2320.600
   7.410,1103.000,  28.000, 340.000, 203.400,1042.200,1141.000,2281.200
   7.420, 998.800,  28.000, 339.000, 175.100,1047.900,1127.200,2330.800
   7.430,1117.100,  28.300, 351.300, 207.200,1040.200,1121.900,2303.000
   7.440,1099.600,  27.900, 346.100, 165.200,1038.700,1130.300,2317.400
   7.450,1102.000,  28.200, 346.400, 154.600,1040.400,1121.400,2367.900
   7.460,1097.900,  28.000, 341.200, 309.800,1042.300,1126.800,2440.800
   7.470,1108.000,  28.200, 336.000, 301.000,1051.800,1128.800,2336.900
   7.480,1100.700,  28.100, 349.100, 217.600,1038.900,1163.300,2336.700
   7.490,1027.300,  28.000, 347.700, 169.700,1034.800,1150.100,2342.100
   7.500,1123.900,  28.200, 334.400, 203.200,1040.900,1162.700,2395.100
   7.510,1100.100,  28.100, 343.400, 169.700,1077.300,1160.200,2337.400
   7.520,1104.800,  28.100, 367.700, 158.000,1074.300,1173.800,2392.000
   7.530,1109.900,  28.000, 340.100, 248.900,1077.000,1192.600,2376.200
   7.540,1105.200,  28.200, 351.500, 314.900,1063.200,1152.800,2340.000
   7.550,1099.600,  28.000, 344.700, 171.700,1064.200,1164.800,2387.200
   7.560,1406.800,  28.100, 354.300, 248.600,1069.100,1173.200,2381.800
   7.570,1099.200,  28.000, 368.200, 157.200,1065.000,1145.700,2393.500
   7.580,1118.200,  27.700, 354.400, 171.700,1069.100,1158.600,2386.400
   7.590,1112.300,  28.300, 343.200, 152.900,1069.900,1151.400,2386.500
   7.600,1098.200,  28.000, 341.200, 153.400,1078.200,1169.400,2492.900
   7.610,1135.300,  28.000, 350.300, 183.500,1078.800,1138.700,2397.900
   7.620,1099.400,  28.500, 339.900, 192.500,1075.200,1185.200,2427.800
   7.630,1038.800,  28.300, 353.700, 154.800,1073.600,1185.400,2430.900
   7.640,1099.800,  28.200, 342.100, 196.700,1072.600,1186.600,2422.600
   7.650,1143.400,  28.100, 336.400, 153.900,1096.700,1235.600,2413.300
   7.660,1146.200,  28.700, 349.800, 243.800,1112.300,1180.000,2432.600
   7.670,1127.800,  28.300, 340.200, 152.200,1099.800,1187.400,2415.200
   7.680,1116.300,  28.700, 349.000, 183.700,1089.400,1182.000,2411.700
   7.690,1124.000,  28.000, 342.000, 215.600,1110.800,1200.300,2423.200
   7.700,1016.000,  28.200, 339.100, 306.100,1098.800,1214.500,2466.200
   7.710,1132.400,  29.100, 333.500, 154.200,1109.800,1214.000,2440.900
   7.720,1114.300,  27.800, 365.400, 190.500,1096.300,1185.900,2513.000
   7.730,1159.400,  28.500, 350.400, 471.700,1109.600,1174.700,2547.400
   7.740,1134.400,  28.800, 341.800, 148.000,1107.300,1201.300,2544.200
   7.750,1121.000,  28.700, 239.100, 187.200,1106.300,1189.300,2580.400
   7.760,1110.900,  28.100, 333.900, 179.800,1094.400,1177.300,2495.200
   7.770,1434.000,  27.800, 334.100, 215.500,1118.700,1221.400,2480.500
   7.780,1113.800,  28.100, 341.500, 163.300,1093.400,1215.800,2455.900
   7.790,1122.700,  28.300, 335.500, 183.600,1104.300,1239.600,2509.800
   7.800,1102.100,  28.000, 350.400, 192.000,1104.300,1194.100,2539.400
   7.810,1115.100,  28.000, 337.300, 249.200,1136.900,1221.300,2481.100
   7.820,1110.300,  28.700, 336.000, 148.800,1119.100,1236.200,2458.100
   7.830,1120.600,  28.400, 359.500, 217.500,1124.200,1219.000,2489.100
   7.840, 916.700,   1.000, 437.500, 306.300,1141.500,1228.600,2493.300
   7.850,1129.900,  28.400, 349.000, 258.600,1136.100,1217.500,2501.900
   7.860,1118.900,  28.400, 357.400, 153.100,1141.500,1220.400,2543.100
   7.870,1131.300,  29.000, 344.200, 157.700,1138.400,1213.000,2605.300
   7.880,1137.000,  28.200, 345.500, 167.400,1133.200,1228.100,2473.000
   7.890,1115.600,  27.800, 349.500, 182.200,1133.200,1198.800,2569.100
   7.900,1106.900,  28.000, 335.300, 226.500,1135.500,1221.600,2555.300
   7.910,1020.200,  28.200, 334.700, 239.800,1128.700,1226.300,2575.400
   7.920,1114.300,  28.500, 332.700, 155.000,1120.800,1240.700,2568.300
   7.930,1123.600,  28.400, 360.000, 183.100,1128.200,1247.100,2551.700
   7.940,1126.500,  28.200, 345.700, 159.500,1127.900,1255.200,2534.000
   7.950,1120.300,  28.500, 333.900, 195.300,1146.700,1257.600,2549.400
   7.960,1125.900,  28.100, 343.300, 182.000,1120.700,1242.400,2546.600
   7.970,1104.400,  28.500, 343.400, 180.500,1155.000,1242.100,2519.700
   7.980,1463.500,  28.700, 337.700, 151.800,1153.700,1248.400,2528.800
   7.990,1121.400,  28.000, 332.200, 214.100,1159.100,1255.400,2567.000
   8.000, 869.800,  28.200, 347.100, 306.800,1171.000,1250.200,2537.200
   8.010,1485.800,  28.000, 336.200, 212.900,1155.800,1241.100,2537.500
   8.020,1038.000,  28.200, 349.700, 205.100,1143.500,1265.100,2618.100
   8.030,1066.600,  28.100, 349.700, 236.700,1164.500,1252.800,2571.200
   8.040,1448.600,  28.100, 329.400, 234.000,1157.700,1239.800,2539.200
   8.050,1074.800,  28.300, 327.600, 178.000,1151.500,1246.200,2539.800
   8.060,1057.200,  28.200, 365.400, 154.200,1154.800,1232.900,2618.000
   8.070,1452.200,  28.100, 353.300, 190.900,1148.500,1260.500,2602.700
   8.080,1010.900,  28.300, 332.000, 235.100,1156.900,1239.800,2586.400
   8.090,1071.800,  28.500, 335.600, 278.200,1150.500,1250.400,2590.700
   8.100,1477.300,  28.000, 332.900, 208.300,1156.700,1271.800,2601.100
   8.110,1093.400,  28.900, 340.000, 180.600,1146.000,1296.700,2613.800
   8.120,1032.200,  28.600, 340.400, 167.300,1155.200,1303.800,2605.500
   8.130,1478.600,  28.100, 343.000, 211.100,1156.300,1289.000,2584.600
   8.140,1052.300,  28.400, 344.500, 200.300,1184.700,1278.800,2608.900
   8.150,1068.000,  28.300, 236.400, 184.300,1189.200,1274.500,2602.000
   8.160,1406.400,  28.300, 232.400, 231.600,1196.500,1271.100,2597.100
   8.170,1074.400,  28.200, 334.800, 188.200,1203.300,1275.400,2620.400
   8.180,1053.000,  28.400, 334.300, 154.000,1194.400,1306.200,2619.300
   8.190,1852.000,  28.900, 346.900, 183.000,1177.900,1283.500,2627.400
   8.200,1024.400,  28.200, 345.500, 158.500,1196.100,1272.900,2624.400
   8.210,1076.700,  28.400, 343.800, 223.700,1191.300,1276.700,2647.400
   8.220,1479.900,  28.200, 348.800, 196.900,1204.800,1278.700,2629.800
   8.230,1084.200,  28.300, 340.700, 181.500,1190.800,1270.600,2625.400
   8.240,1008.200,  28.100, 329.100, 231.700,1191.200,1270.300,2679.900
   8.250,1484.900,  28.800, 341.700, 250.300,1186.400,1268.700,2676.000
   8.260,1068.700,  28.000, 340.000, 160.500,1174.400,1258.800,2637.100
   8.270,1072.400,  27.900, 349.800, 193.200,1184.200,1289.200,2650.500
   8.280,1420.600,  28.200, 338.700, 298.600,1180.500,1304.800,2667.200
   8.290,1067.200,  28.200, 339.200, 152.300,1217.000,1319.900,2651.100
   8.300,1050.000,  28.700, 325.400, 176.500,1198.800,1316.900,2685.600
   8.310,1470.000,  28.100, 347.600, 219.200,1185.100,1303.600,2669.000
   8.320, 940.800,  28.200, 227.200, 203.700,1193.000,1325.500,2647.200
   8.330,1072.300,  28.300, 328.400, 217.000,1211.100,1301.800,2682.900
   8.340,1466.500,  28.100, 330.900, 183.200,1223.600,1291.200,2680.200
   8.350,1070.300,  28.800, 331.500, 174.000,1223.300,1298.500,2697.600
   8.360,1019.200,  28.500, 229.300, 180.800,1220.700,1319.300,2634.100
   8.370,1488.100,  28.100, 329.200, 220.000,1227.900,1309.100,2687.300
   8.380,1056.300,  28.300, 325.700, 204.800,1222.900,1296.100,2685.200
   8.390,1070.100,  28.200, 326.400, 162.400,1218.900,1312.300,2695.300
   8.400,1840.800,  28.400, 338.700, 178.700,1219.600,1326.600,2684.100
   8.410,1078.100,   1.000, 425.500, 347.600,1218.900,1292.800,2700.900
   8.420,1052.700,  29.400, 330.800, 315.500,1216.300,1318.400,2751.400
   8.430,1487.100,  28.400, 325.400, 244.700,1248.300,1299.300,2739.400
   8.440,1029.000,  28.700, 335.500, 222.200,1215.600,1302.700,2769.300
   8.450,1069.400,  28.200, 334.900, 226.600,1228.000,1288.600,2757.600
   8.460,1457.800,  29.400, 355.800, 213.200,1215.600,1327.300,2746.300
   8.470,1081.100,  28.600, 331.800, 174.600,1220.800,1357.800,2763.900
   8.480,1001.000,  29.000, 348.600, 195.900,1248.100,1337.900,2744.600
   8.490,1487.000,  28.500, 328.200, 233.000,1225.900,1336.400,2783.200
   8.500,1060.800,  28.200, 328.900, 153.200,1237.000,1352.300,2762.800
   8.510,1079.500,  28.900, 328.100, 224.700,1274.600,1330.200,2738.100
   8.520,1460.300,  30.000, 346.000, 221.600,1262.600,1346.100,2726.500
   8.530,1080.000,  29.000, 353.200, 184.100,1261.900,1344.600,2827.500
   8.540,1054.600,  28.900, 354.400, 182.000,1269.700,1408.500,2814.000
   8.550,1474.500,  29.200, 347.800, 305.100,1272.800,1352.000,2768.400
   8.560,1043.700,  28.400, 326.100, 206.900,1259.900,1359.400,2771.900
   8.570,1149.500,  29.400, 331.200, 198.100,1273.600,1336.200,2793.100
   8.580,1477.500,  28.700, 337.100, 295.100,1252.400,1391.100,2803.200
   8.590,1079.500,  29.300, 346.700, 161.700,1292.200,1340.200,2763.500
   8.600,1029.300,  28.900, 346.900, 188.500,1280.500,1366.700,2834.300
   8.610,1886.900,  30.300, 346.100, 264.500,1294.400,1362.200,2797.400
   8.620,1054.300,  29.400, 339.500, 395.400,1284.300,1372.400,2803.300
   8.630,1086.400,  28.700, 336.500, 259.700,1252.200,1340.900,2797.500
   8.640,1433.300,  28.900, 337.100, 202.700,1261.500,1339.100,2822.900
   8.650,1080.200,  28.600, 327.800, 162.900,1288.000,1345.300,2808.600
   8.660,1049.500,  28.700, 328.300, 156.600,1288.100,1331.200,2775.500
   8.670,1493.200,  28.200, 335.700, 248.200,1239.800,1348.700,2808.100
   8.680,1021.700,  28.300, 326.200, 287.600,1275.900,1371.600,2782.200
   8.690,1074.700,  28.300, 342.000, 179.200,1257.700,1379.300,2810.100
   8.700,1499.700,  28.400, 340.600, 199.600,1287.400,1395.200,2843.000
   8.710,1091.400,  28.100, 331.100, 203.700,1249.000,1351.200,2749.000
   8.720,1011.000,  28.300, 337.000, 169.600,1296.000,1374.200,2767.100
   8.730,1496.800,  28.500, 337.300, 155.900,1270.700,1366.200,2797.800
   8.740,1052.500,  28.200, 331.400, 150.100,1272.900,1368.800,2766.200
   8.750,1084.700,  28.200, 330.300, 153.600,1278.700,1362.100,2766.900
   8.760,1447.500,  28.100, 324.400, 199.100,1287.100,1363.600,2804.900
   8.770,1107.300,  28.800, 326.200, 397.900,1286.600,1358.500,2760.700
   8.780,1059.400,  28.400, 333.100, 180.900,1280.100,1358.000,2834.600
   8.790,1490.000,  28.600, 326.800, 208.600,1282.700,1347.000,2817.300
   8.800,1001.400,  28.200, 322.600, 215.600,1295.000,1344.400,2823.500
   8.810,1098.300,  28.400, 325.200, 349.200,1282.700,1388.300,2793.000
   8.820,1880.700,  28.900, 323.000, 244.700,1274.200,1365.000,2809.400
   8.830,1073.600,  28.000, 342.100, 293.700,1272.300,1372.900,2859.800
   8.840,1029.100,  28.000, 334.200, 152.300,1282.900,1385.400,2830.900
   8.850,1487.300,  28.200, 340.900, 181.500,1271.400,1367.100,2826.400
   8.860,1052.600,  28.100, 320.900, 212.600,1275.500,1355.200,2852.000
   8.870,1072.100,  28.000, 324.700, 247.500,1284.600,1365.800,2828.800
   8.880,1425.000,  28.200, 321.200, 289.500,1277.900,1372.700,2859.100
   8.890,1072.300,  28.400, 324.100, 214.700,1274.500,1400.900,2858.000
   8.900,1059.300,  28.000, 323.000, 260.000,1270.900,1393.700,2895.500
   8.910,1481.200,  28.100, 330.900, 195.300,1265.400,1382.000,2825.700
   8.920,1036.400,  28.200, 323.100, 195.500,1262.100,1376.900,2856.300
   8.930,1081.700,  28.000, 344.700, 152.200,1264.400,1409.200,2859.200
   8.940,1471.800,  27.800, 319.700, 194.200,1272.200,1379.100,2825.100
   8.950,1061.300,  28.300, 327.800, 226.500,1310.200,1382.900,2815.200
   8.960, 908.400,  28.600, 329.900, 162.900,1325.700,1385.500,2863.800
   8.970,1488.600,  28.200, 322.700, 342.200,1310.400,1389.400,2879.100
   8.980,1058.900,  28.300, 323.600, 200.400,1322.800,1387.200,2858.900
   8.990,1073.400,  28.100, 327.800, 154.100,1314.000,1381.000,2917.100
   9.000, 880.500,   1.000, 439.300, 279.400,1291.300,1397.600,2892.500
   9.010,1114.400,  28.800, 318.900, 192.800,1337.100,1401.000,2905.000
   9.020,1110.600,  28.000, 330.900, 304.300,1296.500,1406.000,2883.700
   9.030,1110.000,  28.700, 330.200, 194.200,1306.700,1416.100,2886.000
   9.040,1097.700,  28.400, 328.300, 150.000,1317.000,1411.500,2883.800
   9.050,1104.200,  28.400, 318.800, 155.600,1301.600,1384.600,2931.500
   9.060,1106.200,  28.400, 328.600, 148.100,1294.600,1432.400,2902.400
   9.070,1122.400,  28.500, 323.700, 264.600,1317.300,1401.200,2889.600
   9.080,1107.900,  28.400, 335.300, 210.100,1303.000,1404.000,2890.800
   9.090,1020.100,  28.300, 325.800, 282.900,1328.800,1406.200,2930.200
   9.100,1117.600,  29.100, 334.400, 246.800,1310.900,1402.900,2926.600
   9.110,1132.200,  28.400, 330.600, 280.200,1316.300,1429.000,2913.700
   9.120,1116.900,  28.600, 330.500, 168.100,1289.700,1453.000,2954.300
   9.130,1092.200,  28.300, 326.200, 307.300,1331.500,1425.900,2977.500
   9.140,1122.600,  29.400, 318.400, 157.300,1333.700,1417.100,2960.200
   9.150,1098.200,  28.300, 318.900, 221.300,1310.400,1444.400,2896.500
   9.160,1096.200,  28.300, 325.900, 218.500,1322.300,1436.100,2910.700
   9.170,1110.000,  28.100, 322.000, 198.700,1337.200,1424.400,2919.000
   9.180,1416.600,  28.600, 325.600, 148.300,1339.200,1440.000,2889.400
   9.190,1107.000,  28.000, 323.000, 249.600,1344.700,1450.700,2940.800
   9.200,1112.400,  28.000, 325.400, 343.600,1341.400,1414.500,2963.800
   9.210,1119.700,  29.000, 336.200, 163.800,1344.600,1419.600,2900.600
   9.220,1095.600,  28.200, 325.100, 154.100,1355.100,1439.800,2943.300
   9.230,1119.700,  28.600, 338.200, 252.800,1341.300,1445.700,2939.800
   9.240,1096.300,  28.300, 319.600, 146.800,1323.900,1420.200,2932.100
   9.250,1092.900,  28.200, 320.600, 150.000,1323.600,1435.600,2949.300
   9.260,1114.100,  28.300, 323.000, 212.200,1334.300,1414.700,3002.600
   9.270,1021.600,  28.300, 333.200, 219.100,1336.600,1422.300,2945.100
   9.280,1125.100,  28.100, 320.900, 216.500,1337.900,1446.700,2949.800
   9.290,1121.200,  29.100, 330.500, 335.500,1377.200,1429.500,2962.400
   9.300,1114.400,  28.300, 324.300, 218.100,1336.100,1439.400,2986.700
   9.310,1108.100,  28.500, 323.200, 220.900,1342.200,1457.100,2977.500
   9.320,1091.800,  28.400, 326.400, 289.200,1370.800,1474.600,2959.000
   9.330,1105.800,  28.600, 324.700, 165.900,1345.800,1437.900,2978.900
   9.340,1105.400,  28.000, 316.900, 344.000,1347.400,1411.600,2957.800
   9.350,1119.900,  28.500, 326.400, 192.100,1343.000,1427.900,2937.700
   9.360, 969.900,  28.400, 324.600, 209.800,1325.500,1450.800,2932.900
   9.370,1095.000,  28.300, 323.700, 159.700,1323.600,1463.400,2970.100
   9.380,1112.200,  28.000, 316.100, 146.400,1326.000,1438.300,2943.200
   9.390,1104.700,  28.400, 323.600, 175.800,1348.000,1446.000,2975.300
   9.400,1100.200,  28.400, 320.900, 231.900,1333.700,1446.400,2951.700
   9.410,1091.400,  28.100, 321.400, 205.100,1362.000,1454.200,2931.000
   9.420,1124.200,  28.800, 319.100, 288.600,1376.800,1440.500,2946.200
   9.430,1101.900,  28.300, 332.400, 332.000,1381.200,1455.600,2944.300
   9.440,1094.300,  28.000, 319.400, 277.900,1366.100,1457.600,2958.300
   9.450,1835.500,  28.300, 340.600, 269.000,1348.200,1447.800,2958.400
   9.460,1114.400,  28.400, 322.900, 205.300,1365.500,1433.100,2961.800
   9.470,1097.500,  28.300, 315.100, 236.000,1356.400,1437.200,2990.400
   9.480,1117.200,  28.100, 328.600, 233.600,1361.200,1453.100,3028.700
   9.490,1105.400,  28.500, 319.900, 224.300,1334.200,1455.100,3051.600
   9.500,1092.500,  28.100, 328.100, 172.400,1367.900,1436.100,3002.700
   9.510,1111.900,  28.000, 333.800, 250.400,1357.600,1450.600,3031.000
   9.520,1126.600,  28.300, 221.600, 295.700,1348.700,1437.800,3003.100
   9.530,1104.400,  28.200, 311.700, 228.300,1348.800,1431.500,3036.500
   9.540, 999.600,  28.700, 318.700, 169.800,1347.200,1457.600,3035.000
   9.550,1116.200,  28.000, 317.100, 367.100,1351.700,1440.900,2974.900
   9.560,1103.200,  28.200, 326.900, 303.000,1354.300,1458.700,3003.900
   9.570,1105.600,  28.600, 316.400, 193.200,1357.200,1458.000,3053.400
   9.580,1103.600,  28.000, 315.000, 153.600,1347.300,1429.700,2997.700
   9.590,1090.100,  28.200, 214.700, 241.200,1342.300,1460.200,3032.100
   9.600,1105.700,  28.400, 320.600, 233.100,1353.500,1460.100,3021.100
   9.610,1097.300,   1.000, 428.500, 279.800,1358.200,1471.400,3010.600
   9.620,1107.600,  28.200, 313.300, 230.200,1362.200,1455.800,3015.400
   9.630,1026.800,  32.200, 317.700, 202.500,1346.900,1455.200,2993.800
   9.640,1106.700,  28.100, 321.200, 243.500,1358.700,1480.300,3057.000
   9.650,1099.100,  28.200, 311.800, 215.000,1343.300,1464.500,3056.600
   9.660,1121.900,  29.100, 314.400, 174.600,1383.500,1456.100,3016.800
   9.670,1087.300,  28.200, 324.500, 148.800,1379.300,1464.800,3033.500
   9.680,1086.100,  28.300, 314.000, 196.500,1383.000,1479.600,3041.200
   9.690,1095.300,  28.500, 330.900, 289.500,1395.600,1463.200,3001.500
   9.700,1095.400,  28.400, 311.400, 198.200,1361.500,1493.600,3076.400
   9.710,1124.600,  28.700, 311.100, 198.200,1399.000,1472.000,3072.500
   9.720,1420.700,  29.300, 316.000, 148.500,1384.500,1490.100,3083.600
   9.730,1099.200,  28.300, 320.900, 152.300,1371.900,1497.100,3081.800
   9.740,1111.200,  28.300, 325.900, 172.700,1397.900,1500.600,3096.000
   9.750,1107.000,  28.700, 316.600, 195.200,1395.700,1463.300,3106.000
   9.760,1092.400,  28.000, 318.800, 207.200,1400.900,1492.800,3061.900
   9.770,1113.800,  28.900, 329.400, 158.600,1370.700,1491.100,3099.700
   9.780,1118.900,  29.100, 312.500, 250.700,1388.900,1478.500,3111.700
   9.790,1117.500,  28.500, 326.100, 157.600,1388.600,1506.300,3172.400
   9.800,1103.600,  29.400, 327.000, 154.000,1396.700,1511.700,3150.900
   9.810,1036.400,  29.000, 312.000, 279.100,1386.800,1455.100,3111.600
   9.820,1174.200,  29.100, 317.800, 316.400,1418.200,1510.100,3150.600
   9.830,1130.800,  30.200, 326.100, 147.800,1386.000,1487.000,3121.100
   9.840,1118.100,  28.900, 333.600, 174.400,1459.700,1465.700,3167.400
   9.850,1140.600,  31.400, 316.900, 197.400,1419.900,1532.600,3173.500
   9.860,1123.600,  28.800, 327.200, 213.700,1425.700,1556.600,3146.300
   9.870,1137.400,  28.900, 318.600, 319.700,1424.900,1605.600,3151.700
   9.880,1136.300,  30.100, 317.500, 198.100,1397.100,1542.300,3176.700
   9.890,1135.500,  29.700, 315.800, 147.900,1389.700,1538.700,3196.400
   9.900,1024.700,  32.000, 328.700, 302.100,1434.200,1547.400,3210.900
   9.910,1153.000,  28.900, 325.900, 253.700,1417.500,1532.300,3180.500
   9.920,1188.400,  29.700, 328.500, 304.300,1449.700,1548.100,3169.300
   9.930,1156.700,  30.600, 338.800, 161.300,1464.600,1554.200,3201.800
   9.940,1101.300,  28.800, 317.900, 204.000,1418.000,1511.600,3079.700
   9.950,1112.900,  28.100, 310.200, 198.600,1460.300,1533.000,3172.000
   9.960,1136.000,  28.800, 308.200, 231.500,1427.000,1510.200,3107.100
   9.970,1127.300,  29.300, 324.400, 210.000,1454.000,1494.600,3175.800
   9.980,1149.700,  29.100, 317.900, 197.500,1422.600,1514.200,3183.900
   9.990,1468.900,  28.600, 318.200, 225.300,1440.200,1502.700,3188.200
  10.000, 889.600,  28.700, 314.600, 377.300,1414.600,1490.300,3197.500
