       x,    sqrt,java9_sqrt
  number,  number,  number
   0.000,   0.000,   0.000
  10.000,  25.076,  26.178
  20.000,  23.626,  26.150
  30.000,  23.466,  28.000
  40.000,  23.220,  26.918
  50.000,  23.198,  26.088
  60.000,  22.584,  28.124
  70.000,  22.158,  27.114
  80.000,  23.202,  27.226
  90.000,  22.656,  26.000
 100.000,   0.000,   0.000
 110.000,  23.172,  28.108
 120.000,  23.136,  27.102
 130.000,  23.358,  26.468
 140.000,  22.918,  26.798
 150.000,  23.210,  26.666
 160.000,  23.070,  26.142
 170.000,  22.570,  26.228
 180.000,  23.134,  26.272
 190.000,  23.050,  27.134
 200.000,  22.178,  26.052
 210.000,  23.520,  26.182
 220.000,  23.100,  26.000
 230.000,  22.638,  26.190
 240.000,  22.432,  26.578
 250.000,  22.652,  25.826
 260.000,  23.132,  26.020
 270.000,  22.606,  26.148
 280.000,  22.676,  26.160
 290.000,  22.582,  26.302
 300.000,  22.958,  26.102
 310.000,  22.270,  26.502
 320.000,  22.632,  26.196
 330.000,  22.318,  26.756
 340.000,  23.126,  26.870
 350.000,  22.456,  26.172
 360.000,  23.008,  25.680
 370.000,  22.390,  26.100
 380.000,  22.726,  28.000
 390.000,  22.994,  26.076
 400.000,   0.000, 507.230
 410.000,  24.524,  27.246
 420.000,  23.204,  26.110
 430.000,  23.138,  26.136
 440.000,  22.128,  28.000
 450.000,  22.370,  26.124
 460.000,  23.152,  27.160
 470.000,  22.544,  26.932
 480.000,  22.856,  26.152
 490.000,  22.356,  26.122
 500.000,  23.136,  26.000
 510.000,  22.554,  25.634
 520.000,  22.904,  27.220
 530.000,  22.524,  27.134
 540.000,  23.100,  26.204
 550.000,  22.462,  26.002
 560.000,  23.142,  26.100
 570.000,  22.170,  26.116
 580.000,  23.138,  26.902
 590.000,  23.064,  26.156
 600.000,  23.126,  27.144
 610.000,  22.316,  27.274
 620.000,  22.550,  27.086
 630.000,  22.582,  26.174
 640.000,  22.200,  26.000
 650.000,  22.474,  26.158
 660.000,  23.106,  26.442
 670.000,  23.078,  27.130
 680.000,  22.154,  26.060
 690.000,  22.182,  27.094
 700.000,  22.226,  26.314
 710.000,  22.812,  27.118
 720.000,  22.212,  26.662
 730.000,  23.070,  26.096
 740.000,  22.524,  26.118
 750.000,  23.192,  26.174
 760.000,  23.098,  26.198
 770.000,  23.158,  27.138
 780.000,  22.510,  26.240
 790.000,  22.378,  26.126
 800.000,  22.256,  27.176
 810.000,  23.052,  26.168
 820.000,  23.120,  27.612
 830.000,  22.302,  26.348
 840.000,  23.110,  27.116
 850.000,  22.860,  26.000
 860.000,  22.162,  26.132
 870.000,  22.942,  26.112
 880.000,  23.154,  26.166
 890.000,  22.472,  27.006
 900.000,   0.000, 505.408
 910.000,  24.558,  27.460
 920.000,  23.162,  26.194
 930.000,  23.250,  26.352
 940.000,  23.208,  26.160
 950.000,  23.066,  26.794
 960.000,  22.278,  26.918
 970.000,  23.120,  26.198
 980.000,  23.160,  26.710
 990.000,  22.412,  28.000
1000.000,  23.184,  26.078
1010.000,  23.050,  27.110
1020.000,  23.218,  26.600
1030.000,  23.150,  26.174
1040.000,  23.162,  25.908
1050.000,  23.126,  26.164
1060.000,  22.488,  26.176
1070.000,  22.136,  26.258
1080.000,  22.818,  26.000
1090.000,  22.188,  26.618
1100.000,  22.526,  27.166
1110.000,  22.176,  26.162
1120.000,  22.394,  26.188
1130.000,  22.696,  27.828
1140.000,  22.706,  26.680
1150.000,  22.220,  26.080
1160.000,  22.226,  26.238
1170.000,  22.944,  26.120
1180.000,  22.630,  27.092
1190.000,  22.750,  26.116
1200.000,  22.952,  26.788
1210.000,  23.136,  26.056
1220.000,  22.358,  26.072
1230.000,  22.158,  25.762
1240.000,  22.284,  26.044
1250.000,  22.286,  26.088
1260.000,  22.244,  26.020
1270.000,  22.130,  26.102
1280.000,  22.302,  26.130
1290.000,  22.468,  27.114
1300.000,  22.336,  27.180
1310.000,  22.276,  26.000
1320.000,  22.558,  26.642
1330.000,  22.252,  26.002
1340.000,  22.142,  26.984
1350.000,  22.320,  27.062
1360.000,  23.090,  26.158
1370.000,  22.232,  26.510
1380.000,  23.026,  26.000
1390.000,  23.040,  26.134
1400.000,  22.414,  26.124
1410.000,  22.134,  26.000
1420.000,  22.616,  26.082
1430.000,  23.042,  27.142
1440.000,  22.796,  25.274
1450.000,  22.724,  26.078
1460.000,  22.320,  26.078
1470.000,  22.210,  26.328
1480.000,  22.172,  25.744
1490.000,  23.138,  26.184
1500.000,  22.178,  27.152
1510.000,  22.250,  27.500
1520.000,  23.114,  27.948
1530.000,  22.588,  26.100
1540.000,  22.432,  26.132
1550.000,  22.422,  25.624
1560.000,  22.936,  26.076
1570.000,  22.204,  26.000
1580.000,  23.110,  26.130
1590.000,  22.272,  26.116
1600.000,   0.000, 120.850
1610.000,  23.190,  26.186
1620.000,  23.170,  26.176
1630.000,  22.662,  27.110
1640.000,  22.244,  26.950
1650.000,  23.144,  26.164
1660.000,  23.020,  26.392
1670.000,  22.650,  26.138
1680.000,  22.498,  26.808
1690.000,  22.284,  26.136
1700.000,  22.324,  27.146
1710.000,  22.222,  26.146
1720.000,  23.022,  26.168
1730.000,  22.164,  26.062
1740.000,  22.780,  27.086
1750.000,  22.112,  26.916
1760.000,  22.088,  27.998
1770.000,  22.250,  26.168
1780.000,  22.096,  26.524
1790.000,  22.180,  26.066
1800.000,  22.128,  26.052
1810.000,  23.104,  26.282
1820.000,  22.414,  26.000
1830.000,  22.196,  26.046
1840.000,  22.384,  26.148
1850.000,  22.218,  26.124
1860.000,  22.088,  26.146
1870.000,  22.268,  26.400
1880.000,  22.248,  26.200
1890.000,  22.324,  26.190
1900.000,  22.000,  27.114
1910.000,  22.868,  26.116
1920.000,  22.680,  26.776
1930.000,  22.308,  26.000
1940.000,  22.124,  25.846
1950.000,  22.142,  26.140
1960.000,  22.276,  25.802
1970.000,  22.212,  27.120
1980.000,  23.140,  27.140
1990.000,  22.670,  26.122
2000.000,  22.604,  26.108
2010.000,  23.048,  26.150
2020.000,  22.846,  26.146
2030.000,  22.742,  25.178
2040.000,  22.134,  25.322
2050.000,  22.590,  28.098
2060.000,  22.226,  26.250
2070.000,  22.214,  26.164
2080.000,  22.224,  26.964
2090.000,  22.236,  26.030
2100.000,  22.712,  27.078
2110.000,  22.082,  28.036
2120.000,  22.112,  26.100
2130.000,  22.172,  25.904
2140.000,  22.098,  26.000
2150.000,  22.260,  26.082
2160.000,  23.098,  26.148
2170.000,  22.626,  26.000
2180.000,  22.144,  26.212
2190.000,  22.424,  26.238
2200.000,  22.526,  26.474
2210.000,  22.144,  27.162
2220.000,  22.376,  26.146
2230.000,  23.082,  26.308
2240.000,  22.470,  26.110
2250.000,  22.154,  26.092
2260.000,  22.788,  25.924
2270.000,  22.282,  26.898
2280.000,  22.196,  26.138
2290.000,  23.048,  26.000
2300.000,  22.198,  26.118
2310.000,  22.384,  26.104
2320.000,  22.520,  26.118
2330.000,  22.274,  26.194
2340.000,  22.398,  26.134
2350.000,  22.976,  26.164
2360.000,  22.784,  27.144
2370.000,  22.772,  26.030
2380.000,  22.918,  25.656
2390.000,  22.194,  27.134
2400.000,  23.176,  26.312
2410.000,  22.576,  25.482
2420.000,  22.676,  26.138
2430.000,  23.364,  26.180
2440.000,  22.368,  26.180
2450.000,  22.832,  27.084
2460.000,  23.138,  26.996
2470.000,  22.156,  26.440
2480.000,  22.764,  26.394
2490.000,  22.360,  26.626
2500.000,   0.000, 506.004
2510.000,  25.418,  28.000
2520.000,  23.208,  27.064
2530.000,  23.402,  28.160
2540.000,  23.106,  26.478
2550.000,  23.108,  26.076
2560.000,  23.142,  26.976
2570.000,  22.328,  27.098
2580.000,  23.022,  27.094
2590.000,  23.116,  27.204
2600.000,  23.206,  25.926
2610.000,  23.048,  27.116
2620.000,  23.128,  27.186
2630.000,  22.814,  27.422
2640.000,  22.488,  26.080
2650.000,  23.056,  27.076
2660.000,  22.786,  26.162
2670.000,  23.098,  26.136
2680.000,  23.164,  26.138
2690.000,  23.108,  27.608
2700.000,  22.638,  26.282
2710.000,  22.428,  27.214
2720.000,  22.380,  26.094
2730.000,  23.084,  26.134
2740.000,  23.080,  26.392
2750.000,  23.130,  26.140
2760.000,  23.108,  27.060
2770.000,  23.166,  26.166
2780.000,  23.142,  26.442
2790.000,  23.172,  26.080
2800.000,  22.158,  26.360
2810.000,  23.138,  26.112
2820.000,  22.280,  26.372
2830.000,  22.332,  26.420
2840.000,  22.824,  26.120
2850.000,  23.276,  26.142
2860.000,  23.182,  26.230
2870.000,  22.304,  26.160
2880.000,  22.292,  26.108
2890.000,  23.166,  27.272
2900.000,  23.182,  27.156
2910.000,  23.168,  27.126
2920.000,  23.158,  26.148
2930.000,  22.954,  26.512
2940.000,  23.178,  27.174
2950.000,  23.182,  26.156
2960.000,  23.106,  26.086
2970.000,  23.340,  25.568
2980.000,  22.662,  27.122
2990.000,  22.884,  26.098
3000.000,  23.160,  27.584
3010.000,  22.400,  27.146
3020.000,  22.578,  26.142
3030.000,  22.404,  26.950
3040.000,  23.054,  26.320
3050.000,  23.036,  26.216
3060.000,  23.116,  26.164
3070.000,  23.116,  26.154
3080.000,  23.006,  27.156
3090.000,  22.998,  27.260
3100.000,  22.846,  26.402
3110.000,  22.240,  26.184
3120.000,  22.182,  26.132
3130.000,  23.116,  27.036
3140.000,  22.742,  27.370
3150.000,  23.118,  26.140
3160.000,  23.116,  27.236
3170.000,  23.150,  27.080
3180.000,  23.102,  27.406
3190.000,  23.040,  26.182
3200.000,  22.724,  26.244
3210.000,  23.062,  26.210
3220.000,  22.460,  26.030
3230.000,  23.144,  26.596
3240.000,  23.016,  27.094
3250.000,  23.342,  26.214
3260.000,  22.754,  26.132
3270.000,  23.074,  26.152
3280.000,  23.158,  27.182
3290.000,  23.056,  26.146
3300.000,  23.162,  26.158
3310.000,  22.238,  27.166
3320.000,  22.234,  27.150
3330.000,  23.082,  26.160
3340.000,  23.124,  28.000
3350.000,  23.102,  27.302
3360.000,  23.152,  27.122
3370.000,  22.706,  26.034
3380.000,  23.106,  27.092
3390.000,  22.792,  26.464
3400.000,  23.106,  26.108
3410.000,  22.628,  26.168
3420.000,  22.964,  26.370
3430.000,  22.466,  26.336
3440.000,  22.206,  27.192
3450.000,  22.400,  27.132
3460.000,  22.662,  26.340
3470.000,  23.116,  27.114
3480.000,  23.144,  26.270
3490.000,  23.082,  27.340
3500.000,  22.264,  27.010
3510.000,  23.076,  27.114
3520.000,  23.126,  27.558
3530.000,  23.062,  28.010
3540.000,  22.346,  27.146
3550.000,  23.084,  26.598
3560.000,  23.076,  26.734
3570.000,  23.056,  26.376
3580.000,  22.242,  28.000
3590.000,  22.678,  27.196
3600.000,   0.000, 121.644
3610.000,  23.970,  26.218
3620.000,  23.154,  27.512
3630.000,  22.666,  27.130
3640.000,  23.090,  26.000
3650.000,  22.386,  26.226
3660.000,  23.218,  28.116
3670.000,  22.646,  26.252
3680.000,  23.182,  27.302
3690.000,  23.260,  28.000
3700.000,  23.120,  27.168
3710.000,  23.114,  26.212
3720.000,  23.156,  26.140
3730.000,  22.678,  26.556
3740.000,  22.658,  27.170
3750.000,  23.162,  28.000
3760.000,  23.204,  26.812
3770.000,  22.886,  26.348
3780.000,  22.808,  26.754
3790.000,  22.772,  26.168
3800.000,  22.924,  26.190
3810.000,  22.970,  26.492
3820.000,  23.096,  26.104
3830.000,  23.118,  26.082
3840.000,  22.554,  27.100
3850.000,  23.154,  27.124
3860.000,  22.404,  27.170
3870.000,  22.248,  27.140
3880.000,  23.078,  26.084
3890.000,  23.128,  27.032
3900.000,  23.192,  26.224
3910.000,  22.844,  26.090
3920.000,  23.050,  27.222
3930.000,  23.026,  27.158
3940.000,  22.646,  26.198
3950.000,  22.466,  27.120
3960.000,  23.108,  27.046
3970.000,  23.160,  26.128
3980.000,  23.096,  28.060
3990.000,  23.116,  27.578
4000.000,  23.094,  27.050
4010.000,  23.106,  27.122
4020.000,  23.126,  28.000
4030.000,  23.114,  26.144
4040.000,  22.432,  26.146
4050.000,  22.200,  26.192
4060.000,  23.112,  27.148
4070.000,  22.482,  27.044
4080.000,  23.040,  26.100
4090.000,  22.654,  26.416
4100.000,  22.458,  26.000
4110.000,  22.926,  26.822
4120.000,  23.076,  26.368
4130.000,  22.376,  27.128
4140.000,  22.852,  26.274
4150.000,  22.318,  26.926
4160.000,  23.180,  28.000
4170.000,  23.176,  26.890
4180.000,  23.146,  26.190
4190.000,  23.076,  27.162
4200.000,  23.136,  26.146
4210.000,  23.038,  26.172
4220.000,  22.752,  27.104
4230.000,  23.052,  26.162
4240.000,  22.162,  26.502
4250.000,  22.196,  26.970
4260.000,  23.076,  26.134
4270.000,  23.108,  26.392
4280.000,  22.176,  26.372
4290.000,  22.280,  27.150
4300.000,  23.026,  27.148
4310.000,  22.348,  26.236
4320.000,  22.426,  26.160
4330.000,  22.574,  26.188
4340.000,  22.240,  26.170
4350.000,  22.246,  26.822
4360.000,  23.116,  27.848
4370.000,  22.706,  27.188
4380.000,  23.188,  26.824
4390.000,  23.076,  27.150
4400.000,  22.682,  26.244
4410.000,  22.126,  26.162
4420.000,  22.148,  27.136
4430.000,  22.784,  26.876
4440.000,  22.210,  28.000
4450.000,  23.086,  27.486
4460.000,  23.090,  27.082
4470.000,  22.262,  26.246
4480.000,  23.110,  26.552
4490.000,  22.244,  26.340
4500.000,  22.874,  26.196
4510.000,  22.226,  26.260
4520.000,  22.290,  26.148
4530.000,  22.404,  26.126
4540.000,  23.082,  26.018
4550.000,  22.554,  27.542
4560.000,  22.376,  26.328
4570.000,  22.858,  26.810
4580.000,  22.648,  27.212
4590.000,  23.138,  27.110
4600.000,  22.270,  27.616
4610.000,  22.354,  28.008
4620.000,  22.800,  28.168
4630.000,  22.782,  27.098
4640.000,  23.044,  27.084
4650.000,  22.222,  26.148
4660.000,  22.152,  27.274
4670.000,  23.150,  26.174
4680.000,  22.536,  27.838
4690.000,  22.190,  26.112
4700.000,  23.012,  26.104
4710.000,  22.336,  26.240
4720.000,  22.482,  26.150
4730.000,  22.780,  26.736
4740.000,  22.358,  26.118
4750.000,  22.400,  27.158
4760.000,  22.518,  27.312
4770.000,  22.806,  26.154
4780.000,  22.340,  27.906
4790.000,  22.624,  26.892
4800.000,  22.688,  27.498
4810.000,  22.174,  27.372
4820.000,  22.206,  27.106
4830.000,  23.036,  27.242
4840.000,  22.844,  27.228
4850.000,  22.918,  26.190
4860.000,  22.476,  27.164
4870.000,  22.708,  27.446
4880.000,  22.242,  27.116
4890.000,  22.370,  26.104
4900.000,   0.000, 120.314
4910.000,  23.272,  27.214
4920.000,  23.098,  26.946
4930.000,  22.472,  26.150
4940.000,  22.200,  27.224
4950.000,  22.856,  26.184
4960.000,  22.104,  26.122
4970.000,  22.314,  26.130
4980.000,  22.664,  27.486
4990.000,  22.440,  26.442
5000.000,  22.698,  26.056
5010.000,  22.152,  27.444
5020.000,  22.822,  26.294
5030.000,  22.360,  26.356
5040.000,  22.768,  27.232
5050.000,  22.236,  26.308
5060.000,  22.598,  26.718
5070.000,  22.140,  26.070
5080.000,  22.228,  27.162
5090.000,  22.120,  28.010
5100.000,  22.184,  27.196
5110.000,  22.446,  27.170
5120.000,  22.718,  27.128
5130.000,  22.482,  26.272
5140.000,  22.434,  26.142
5150.000,  23.108,  26.454
5160.000,  22.868,  26.132
5170.000,  22.134,  26.080
5180.000,  22.158,  27.226
5190.000,  23.134,  26.134
5200.000,  22.428,  27.132
5210.000,  22.718,  27.128
5220.000,  22.986,  26.546
5230.000,  22.444,  27.116
5240.000,  22.304,  27.184
5250.000,  23.192,  27.138
5260.000,  22.186,  26.326
5270.000,  22.706,  26.146
5280.000,  22.356,  26.080
5290.000,  22.206,  26.428
5300.000,  22.212,  26.224
5310.000,  22.882,  27.268
5320.000,  22.256,  26.086
5330.000,  23.178,  26.374
5340.000,  22.568,  26.378
5350.000,  23.112,  27.510
5360.000,  22.824,  27.242
5370.000,  23.176,  26.170
5380.000,  22.324,  28.170
5390.000,  23.126,  26.126
5400.000,  22.424,  27.052
5410.000,  22.912,  26.234
5420.000,  22.780,  26.212
5430.000,  22.416,  26.816
5440.000,  22.664,  26.134
5450.000,  22.524,  27.200
5460.000,  22.704,  26.550
5470.000,  22.254,  28.180
5480.000,  22.458,  26.266
5490.000,  23.202,  27.180
5500.000,  22.852,  26.464
5510.000,  22.508,  27.176
5520.000,  22.552,  26.450
5530.000,  22.258,  27.420
5540.000,  22.304,  27.146
5550.000,  22.214,  26.166
5560.000,  23.166,  26.698
5570.000,  22.286,  27.208
5580.000,  23.228,  26.182
5590.000,  22.236,  26.152
5600.000,  23.024,  26.256
5610.000,  22.496,  26.238
5620.000,  22.480,  27.434
5630.000,  22.450,  26.786
5640.000,  22.360,  26.182
5650.000,  23.152,  26.254
5660.000,  22.270,  27.232
5670.000,  22.578,  26.462
5680.000,  23.180,  26.228
5690.000,  22.604,  27.232
5700.000,  23.188,  28.114
5710.000,  22.270,  27.334
5720.000,  23.226,  28.588
5730.000,  22.432,  26.678
5740.000,  23.098,  27.196
5750.000,  22.800,  27.260
5760.000,  22.812,  27.198
5770.000,  22.994,  27.824
5780.000,  23.202,  27.540
5790.000,  22.790,  28.242
5800.000,  23.270,  26.600
5810.000,  23.180,  26.800
5820.000,  22.510,  27.244
5830.000,  22.848,  27.408
5840.000,  22.322,  26.496
5850.000,  23.326,  26.082
5860.000,  22.212,  26.360
5870.000,  23.168,  27.430
5880.000,  22.244,  26.268
5890.000,  22.988,  27.898
5900.000,  22.326,  27.208
5910.000,  23.128,  26.460
5920.000,  23.246,  26.652
5930.000,  22.850,  28.226
5940.000,  23.236,  27.312
5950.000,  23.212,  26.324
5960.000,  23.236,  27.316
5970.000,  23.178,  26.446
5980.000,  23.174,  27.200
5990.000,  22.342,  26.262
6000.000,  22.494,  28.208
6010.000,  22.318,  27.234
6020.000,  23.234,  27.216
6030.000,  23.254,  26.434
6040.000,  22.298,  27.156
6050.000,  23.308,  27.274
6060.000,  22.802,  27.252
6070.000,  23.070,  27.240
6080.000,  23.262,  26.298
6090.000,  22.288,  26.256
6100.000,  22.694,  26.228
6110.000,  22.942,  26.254
6120.000,  22.710,  28.098
6130.000,  22.628,  26.362
6140.000,  23.220,  27.292
6150.000,  23.082,  26.488
6160.000,  22.408,  26.206
6170.000,  22.418,  26.332
6180.000,  22.792,  27.226
6190.000,  23.284,  27.284
6200.000,  22.470,  27.024
6210.000,  22.650,  26.344
6220.000,  23.206,  27.368
6230.000,  23.120,  27.256
6240.000,  23.232,  26.172
6250.000,  23.150,  26.166
6260.000,  22.760,  27.222
6270.000,  23.210,  27.218
6280.000,  22.650,  26.490
6290.000,  22.918,  27.332
6300.000,  22.820,  27.308
6310.000,  23.294,  27.318
6320.000,  23.338,  27.258
6330.000,  22.700,  27.274
6340.000,  22.550,  27.232
6350.000,  22.312,  27.268
6360.000,  22.654,  26.436
6370.000,  22.368,  26.492
6380.000,  22.378,  26.460
6390.000,  22.630,  26.320
6400.000,   0.092, 122.872
6410.000,  23.950,  27.228
6420.000,  22.594,  27.320
6430.000,  23.228,  26.564
6440.000,  22.540,  26.208
6450.000,  23.202,  26.346
6460.000,  23.096,  26.260
6470.000,  23.194,  27.282
6480.000,  23.280,  26.270
6490.000,  23.230,  27.052
6500.000,  22.304,  26.238
6510.000,  23.066,  27.048
6520.000,  22.422,  27.180
6530.000,  23.116,  27.170
6540.000,  22.592,  27.164
6550.000,  22.574,  26.150
6560.000,  22.206,  27.220
6570.000,  22.984,  27.470
6580.000,  22.168,  26.224
6590.000,  22.450,  28.010
6600.000,  23.108,  26.588
6610.000,  23.162,  27.138
6620.000,  22.522,  26.292
6630.000,  23.128,  27.090
6640.000,  23.196,  26.170
6650.000,  23.210,  26.994
6660.000,  22.984,  27.366
6670.000,  23.192,  27.160
6680.000,  23.146,  27.210
6690.000,  22.392,  27.242
6700.000,  22.380,  26.218
6710.000,  22.250,  27.182
6720.000,  22.630,  27.162
6730.000,  23.154,  26.148
6740.000,  22.768,  27.054
6750.000,  22.552,  26.152
6760.000,  23.098,  27.820
6770.000,  22.476,  27.474
6780.000,  23.134,  26.118
6790.000,  22.326,  27.220
6800.000,  22.174,  27.234
6810.000,  22.816,  27.132
6820.000,  23.118,  26.138
6830.000,  22.180,  26.250
6840.000,  22.174,  26.486
6850.000,  22.602,  26.160
6860.000,  22.180,  27.198
6870.000,  22.578,  26.120
6880.000,  22.218,  27.246
6890.000,  23.150,  26.156
6900.000,  23.102,  27.100
6910.000,  23.144,  28.020
6920.000,  22.194,  26.252
6930.000,  22.362,  26.146
6940.000,  22.872,  26.146
6950.000,  22.292,  26.614
6960.000,  22.538,  26.104
6970.000,  22.218,  26.130
6980.000,  22.680,  26.136
6990.000,  22.632,  27.246
7000.000,  22.144,  27.112
7010.000,  22.168,  27.222
7020.000,  22.558,  26.476
7030.000,  22.292,  28.642
7040.000,  22.000,  26.166
7050.000,  23.096,  27.148
7060.000,  22.230,  26.318
7070.000,  22.170,  27.144
7080.000,  22.226,  26.146
7090.000,  23.002,  27.264
7100.000,  22.514,  26.234
7110.000,  22.998,  26.224
7120.000,  22.094,  26.822
7130.000,  22.928,  26.160
7140.000,  22.466,  26.136
7150.000,  22.296,  27.136
7160.000,  22.302,  27.092
7170.000,  22.152,  26.312
7180.000,  22.144,  26.098
7190.000,  23.094,  26.116
7200.000,  22.144,  26.592
7210.000,  23.108,  26.790
7220.000,  22.560,  26.066
7230.000,  22.218,  27.114
7240.000,  23.170,  27.102
7250.000,  22.504,  27.072
7260.000,  22.182,  27.076
7270.000,  22.164,  26.000
7280.000,  22.192,  26.058
7290.000,  22.250,  26.096
7300.000,  22.460,  26.126
7310.000,  22.472,  27.128
7320.000,  22.412,  27.144
7330.000,  22.208,  27.100
7340.000,  23.146,  26.286
7350.000,  22.878,  26.000
7360.000,  22.506,  26.092
7370.000,  23.116,  26.094
7380.000,  22.444,  26.138
7390.000,  22.288,  26.000
7400.000,  22.524,  26.102
7410.000,  22.224,  27.070
7420.000,  23.148,  26.000
7430.000,  22.244,  26.686
7440.000,  22.218,  26.106
7450.000,  22.124,  26.288
7460.000,  23.096,  26.136
7470.000,  22.246,  26.272
7480.000,  22.326,  26.044
7490.000,  22.304,  26.000
7500.000,  22.460,  26.072
7510.000,  22.870,  27.072
7520.000,  22.152,  26.784
7530.000,  22.282,  26.104
7540.000,  22.922,  28.118
7550.000,  22.364,  26.906
7560.000,  22.572,  26.074
7570.000,  22.918,  26.000
7580.000,  22.518,  26.100
7590.000,  22.524,  26.356
7600.000,  22.076,  26.144
7610.000,  23.070,  26.140
7620.000,  22.694,  26.000
7630.000,  22.140,  27.080
7640.000,  22.292,  25.986
7650.000,  22.584,  27.498
7660.000,  22.064,  27.066
7670.000,  22.300,  26.594
7680.000,  22.122,  26.530
7690.000,  22.906,  26.052
7700.000,  22.230,  26.050
7710.000,  23.046,  26.000
7720.000,  22.268,  27.122
7730.000,  23.064,  26.038
7740.000,  22.198,  27.096
7750.000,  22.870,  27.172
7760.000,  22.216,  26.242
7770.000,  22.518,  26.172
7780.000,  22.226,  26.110
7790.000,  22.352,  26.306
7800.000,  22.158,  27.188
7810.000,  22.148,  26.282
7820.000,  22.462,  27.118
7830.000,  22.354,  26.320
7840.000,  22.138,  26.142
7850.000,  23.074,  27.080
7860.000,  23.112,  27.108
7870.000,  23.118,  26.146
7880.000,  22.736,  26.166
7890.000,  23.114,  26.076
7900.000,  22.710,  26.564
7910.000,  23.136,  27.118
7920.000,  22.666,  26.188
7930.000,  22.290,  26.116
7940.000,  22.362,  26.290
7950.000,  23.102,  26.166
7960.000,  22.884,  27.324
7970.000,  22.588,  27.168
7980.000,  22.350,  26.104
7990.000,  22.434,  27.104
8000.000,  23.128,  27.270
8010.000,  22.680,  26.886
8020.000,  22.140,  27.096
8030.000,  23.068,  26.114
8040.000,  23.088,  27.136
8050.000,  23.114,  26.150
8060.000,  22.762,  26.872
8070.000,  23.066,  25.798
8080.000,  22.798,  27.132
8090.000,  22.606,  26.212
8100.000,   0.000, 120.572
8110.000,  23.230,  26.184
8120.000,  22.588,  25.290
8130.000,  23.116,  26.274
8140.000,  22.888,  26.156
8150.000,  22.266,  26.280
8160.000,  22.196,  26.196
8170.000,  22.474,  26.170
8180.000,  22.248,  26.624
8190.000,  22.526,  26.104
8200.000,  22.956,  26.094
8210.000,  22.474,  26.000
8220.000,  22.628,  26.108
8230.000,  22.546,  26.114
8240.000,  22.110,  26.092
8250.000,  22.126,  26.228
8260.000,  22.412,  26.150
8270.000,  23.052,  26.154
8280.000,  22.860,  26.728
8290.000,  22.370,  26.348
8300.000,  23.124,  27.334
8310.000,  23.150,  26.338
8320.000,  23.056,  27.114
8330.000,  23.070,  27.022
8340.000,  22.930,  27.126
8350.000,  22.446,  27.174
8360.000,  23.060,  26.054
8370.000,  22.204,  27.024
8380.000,  23.032,  26.132
8390.000,  22.332,  26.040
8400.000,  22.944,  27.298
8410.000,  23.052,  26.114
8420.000,  22.420,  26.216
8430.000,  22.216,  26.118
8440.000,  22.172,  26.148
8450.000,  22.110,  26.716
8460.000,  22.274,  26.108
8470.000,  22.162,  27.102
8480.000,  22.806,  27.082
8490.000,  23.106,  27.142
8500.000,  22.510,  26.126
8510.000,  22.198,  26.138
8520.000,  22.198,  26.852
8530.000,  22.250,  26.112
8540.000,  23.134,  26.420
8550.000,  22.230,  26.140
8560.000,  22.486,  26.252
8570.000,  22.148,  26.940
8580.000,  22.086,  26.066
8590.000,  22.994,  27.052
8600.000,  22.538,  26.026
8610.000,  23.050,  26.572
8620.000,  22.390,  27.094
8630.000,  22.266,  26.836
8640.000,  23.346,  26.518
8650.000,  22.904,  26.066
8660.000,  22.236,  27.226
8670.000,  22.176,  28.034
8680.000,  22.534,  27.108
8690.000,  22.310,  27.004
8700.000,  22.274,  26.868
8710.000,  22.422,  26.098
8720.000,  22.534,  26.092
8730.000,  22.198,  27.130
8740.000,  22.224,  26.102
8750.000,  22.318,  26.318
8760.000,  22.412,  26.420
8770.000,  22.506,  26.180
8780.000,  22.318,  27.090
8790.000,  22.246,  26.152
8800.000,  22.676,  26.108
8810.000,  23.048,  26.132
8820.000,  23.104,  26.234
8830.000,  22.954,  26.602
8840.000,  22.204,  26.162
8850.000,  22.210,  27.260
8860.000,  22.266,  26.256
8870.000,  22.672,  26.156
8880.000,  22.858,  26.578
8890.000,  23.140,  27.412
8900.000,  23.108,  27.298
8910.000,  23.180,  26.218
8920.000,  22.424,  27.128
8930.000,  22.292,  26.732
8940.000,  22.794,  26.142
8950.000,  23.034,  26.130
8960.000,  22.386,  26.040
8970.000,  22.536,  26.098
8980.000,  23.114,  27.164
8990.000,  23.132,  26.022
9000.000,  22.170,  26.000
9010.000,  23.086,  26.190
9020.000,  22.306,  26.200
9030.000,  22.292,  26.026
9040.000,  22.562,  26.058
9050.000,  22.868,  26.110
9060.000,  22.192,  26.048
9070.000,  22.318,  26.286
9080.000,  22.222,  27.092
9090.000,  22.492,  25.858
9100.000,  22.848,  26.148
9110.000,  23.038,  26.136
9120.000,  22.882,  27.104
9130.000,  22.306,  27.076
9140.000,  22.138,  26.372
9150.000,  22.704,  26.120
9160.000,  23.100,  26.134
9170.000,  22.160,  27.180
9180.000,  22.458,  26.000
9190.000,  23.140,  28.060
9200.000,  22.268,  27.268
9210.000,  23.282,  26.128
9220.000,  22.880,  26.006
9230.000,  23.064,  26.354
9240.000,  23.142,  26.890
9250.000,  22.260,  25.254
9260.000,  22.190,  25.212
9270.000,  22.252,  27.268
9280.000,  23.072,  26.826
9290.000,  22.674,  26.688
9300.000,  22.226,  26.294
9310.000,  22.820,  26.066
9320.000,  22.148,  26.068
9330.000,  23.042,  26.482
9340.000,  22.160,  25.194
9350.000,  22.522,  26.104
9360.000,  22.416,  26.172
9370.000,  22.910,  26.024
9380.000,  23.124,  26.198
9390.000,  23.118,  27.896
9400.000,  23.260,  26.156
9410.000,  22.490,  27.182
9420.000,  23.056,  26.156
9430.000,  23.024,  26.134
9440.000,  23.170,  27.884
9450.000,  23.148,  26.092
9460.000,  23.112,  27.088
9470.000,  22.138,  27.070
9480.000,  22.174,  26.190
9490.000,  23.088,  27.086
9500.000,  22.576,  26.134
9510.000,  22.412,  27.116
9520.000,  22.812,  27.170
9530.000,  22.570,  26.024
9540.000,  22.394,  26.000
9550.000,  22.202,  25.676
9560.000,  22.212,  26.160
9570.000,  22.186,  26.148
9580.000,  23.054,  27.138
9590.000,  22.764,  26.218
9600.000,  23.206,  26.060
9610.000,  22.210,  26.210
9620.000,  22.386,  26.184
9630.000,  22.154,  26.000
9640.000,  23.136,  26.144
9650.000,  23.022,  26.000
9660.000,  23.072,  27.124
9670.000,  22.236,  26.126
9680.000,  23.042,  26.000
9690.000,  22.290,  26.784
9700.000,  22.124,  27.104
9710.000,  22.656,  26.748
9720.000,  23.254,  27.116
9730.000,  22.132,  27.116
9740.000,  22.740,  26.070
9750.000,  22.448,  27.106
9760.000,  22.670,  27.208
9770.000,  22.966,  27.178
9780.000,  23.144,  26.930
9790.000,  22.456,  26.114
9800.000,  22.984,  26.304
9810.000,  23.114,  26.124
9820.000,  22.638,  27.152
9830.000,  23.182,  27.226
9840.000,  23.096,  27.664
9850.000,  23.120,  26.130
9860.000,  22.884,  27.060
9870.000,  22.378,  27.138
9880.000,  22.582,  27.148
9890.000,  23.100,  26.196
9900.000,  22.996,  26.016
9910.000,  23.116,  27.094
9920.000,  22.306,  26.164
9930.000,  22.748,  26.000
9940.000,  22.168,  26.504
9950.000,  23.076,  27.062
9960.000,  22.558,  26.142
9970.000,  22.418,  27.168
9980.000,  23.138,  26.720
9990.000,  23.050,  26.102
10000.000,   0.398,   0.000
